Engine Temperature (Â°C),Brake Pad Thickness (mm),Tire Pressure (PSI),Anomaly Indication,Maintenance Type Label,Adjusted_RUL,Component Replacement,Repair,Routine Maintenance
81.02239021,7.984017797,35.96454588,0,1,77.77716983,FALSE,TRUE,FALSE
98.07602856,10.71869215,32.14359304,1,2,132.8441432,FALSE,FALSE,TRUE
81.20596747,10.98307044,31.0586279,1,2,113.5555579,FALSE,FALSE,TRUE
86.08129363,7.045311036,28.539264,0,1,137.9218597,FALSE,TRUE,FALSE
93.49656806,9.948991125,33.59955954,1,0,194.6917599,TRUE,FALSE,FALSE
89.37134124,8.799711737,31.30900417,0,0,201.7012677,TRUE,FALSE,FALSE
96.49011118,6.349810454,32.35825162,1,2,105.0217744,FALSE,FALSE,TRUE
92.3144635,10.69672351,33.09971304,0,2,96.02177347,FALSE,FALSE,TRUE
80.73294547,10.90309206,31.84178927,0,0,114.9969792,TRUE,FALSE,FALSE
83.98229343,6.147723248,33.53667467,1,2,71.29428746,FALSE,FALSE,TRUE
80.99723971,9.011146386,37.14247544,0,1,114.5217799,FALSE,TRUE,FALSE
82.23076358,7.096161678,37.82225107,0,2,108.2088188,FALSE,FALSE,TRUE
81.74513596,10.41525166,36.38435416,1,2,96.49078848,FALSE,FALSE,TRUE
98.01655782,7.409704242,36.53729704,1,0,133.5895294,TRUE,FALSE,FALSE
98.87036588,9.924175474,29.74579912,0,1,168.8010261,FALSE,TRUE,FALSE
99.48415983,6.778730643,29.07674554,1,0,125.8780923,TRUE,FALSE,FALSE
84.05482499,9.520207377,29.51572488,1,2,61.25401484,FALSE,FALSE,TRUE
99.61511544,11.04137876,30.99108964,0,1,116.0158515,FALSE,TRUE,FALSE
85.97046211,9.077044394,34.87778965,1,0,191.1119688,TRUE,FALSE,FALSE
98.03537726,7.815089442,35.73373404,0,1,177.3334721,FALSE,TRUE,FALSE
98.71657267,8.5501812,34.78929544,0,2,144.242314,FALSE,FALSE,TRUE
94.26276455,9.266300513,28.94491464,1,0,116.5022975,TRUE,FALSE,FALSE
91.84677616,8.447278024,35.14574526,0,0,92.71937731,TRUE,FALSE,FALSE
84.11712729,9.459858703,33.89876159,1,0,200.1122576,TRUE,FALSE,FALSE
95.26418723,6.044877787,31.20404946,0,0,157.0700475,TRUE,FALSE,FALSE
98.23004916,10.83725427,33.42608104,0,1,122.3876868,FALSE,TRUE,FALSE
85.38394566,11.55670822,35.63994472,0,1,119.8354155,FALSE,TRUE,FALSE
85.98749132,10.81267846,35.59756572,0,0,225.599531,TRUE,FALSE,FALSE
94.89822863,7.705740437,37.63343302,1,2,160.062446,FALSE,FALSE,TRUE
86.77316039,8.440052008,37.37019667,1,2,303.9174603,FALSE,FALSE,TRUE
91.68505802,10.96587753,35.67913579,1,0,242.0285139,TRUE,FALSE,FALSE
83.70822353,9.694945448,33.43562218,0,1,161.0862663,FALSE,TRUE,FALSE
89.21532968,7.194641672,35.3262774,0,0,156.465725,TRUE,FALSE,FALSE
88.94862092,6.233126087,34.12373118,1,0,95.47150928,TRUE,FALSE,FALSE
86.12977167,10.23115706,30.1178394,1,1,145.6147545,FALSE,TRUE,FALSE
97.06974951,10.75432908,37.09493826,0,0,193.7424213,TRUE,FALSE,FALSE
84.72407809,6.801411146,32.77462847,1,0,86.40816936,TRUE,FALSE,FALSE
98.65203704,9.546707474,36.47442075,1,2,88.78801886,FALSE,FALSE,TRUE
82.79710034,10.86845195,37.77819279,0,0,111.182161,TRUE,FALSE,FALSE
98.25971784,10.05711543,33.44744184,1,2,100.8660692,FALSE,FALSE,TRUE
88.91833057,6.759928026,35.2546932,0,0,233.3349325,TRUE,FALSE,FALSE
98.0389313,6.460438853,32.24631294,1,0,136.7939372,TRUE,FALSE,FALSE
85.19255567,8.200410613,32.40099996,1,0,189.5298189,TRUE,FALSE,FALSE
85.40656879,10.3816565,28.61013748,1,0,182.877062,TRUE,FALSE,FALSE
91.81150043,8.391309661,34.34696274,1,2,151.226348,FALSE,FALSE,TRUE
95.21084616,9.309213099,36.0670708,0,2,137.6534422,FALSE,FALSE,TRUE
93.20346964,8.182080544,30.3984648,0,1,204.2583028,FALSE,TRUE,FALSE
83.31192227,10.43581909,36.00644199,0,2,104.8944227,FALSE,FALSE,TRUE
86.68424018,11.96570411,32.46528216,0,0,144.9850021,TRUE,FALSE,FALSE
97.71524518,7.090890009,35.27901204,1,1,72.15280369,FALSE,TRUE,FALSE
92.68445673,10.13657237,29.78461782,1,2,306.564616,FALSE,FALSE,TRUE
83.70047804,7.338055907,36.05749301,0,2,147.8141189,FALSE,FALSE,TRUE
95.42284249,9.690481889,33.62842541,0,0,195.1647908,TRUE,FALSE,FALSE
83.71718423,8.569810242,33.17254534,1,0,196.4125417,TRUE,FALSE,FALSE
96.21907966,10.16533374,34.1528495,1,0,74.39705935,TRUE,FALSE,FALSE
96.05814737,6.527890273,37.13092351,0,1,110.5105605,FALSE,TRUE,FALSE
82.69881239,6.168976918,37.64189835,1,1,160.2153239,FALSE,TRUE,FALSE
83.87257521,6.993082187,35.4749577,0,0,162.6707356,TRUE,FALSE,FALSE
93.8379566,10.09197719,35.56235101,0,1,73.48382628,FALSE,TRUE,FALSE
83.11567591,9.408899215,35.64054448,0,2,123.5208367,FALSE,FALSE,TRUE
82.63995961,6.987856014,36.60424562,1,2,185.5734299,FALSE,FALSE,TRUE
99.64934014,7.090758837,32.26229557,1,0,132.588754,TRUE,FALSE,FALSE
99.52141884,11.53329368,36.53058182,0,1,291.1293979,FALSE,TRUE,FALSE
87.91106439,8.168550813,36.43441344,1,0,84.33019468,TRUE,FALSE,FALSE
85.65384183,6.676509992,33.4570399,0,0,297.2053358,TRUE,FALSE,FALSE
88.26032602,7.963570622,35.80533469,0,0,105.3524414,TRUE,FALSE,FALSE
90.55047746,11.24381536,32.93135795,1,0,138.3485149,TRUE,FALSE,FALSE
80.86851574,9.013662824,36.86599297,0,2,113.163753,FALSE,FALSE,TRUE
92.77363584,7.793850419,31.11960057,0,2,158.0029804,FALSE,FALSE,TRUE
84.25725011,6.945774463,32.7976321,1,0,131.2975974,TRUE,FALSE,FALSE
94.85176213,9.604582418,31.50117653,0,0,188.5348438,TRUE,FALSE,FALSE
96.2253281,10.52342009,29.67287791,0,0,112.0567559,TRUE,FALSE,FALSE
93.27578056,10.16401373,34.63894482,0,0,135.8459734,TRUE,FALSE,FALSE
96.78262196,10.63727087,29.08611245,1,0,210.8711748,TRUE,FALSE,FALSE
83.89695425,6.139486512,34.88138729,1,2,124.6861574,FALSE,FALSE,TRUE
91.15426002,6.518990374,32.54095585,1,1,77.92535857,FALSE,TRUE,FALSE
87.94888378,11.79329765,34.49681426,0,0,214.0242482,TRUE,FALSE,FALSE
95.97285696,6.65928407,30.52917107,0,1,217.2451253,FALSE,TRUE,FALSE
93.59465966,9.179896108,33.84729137,1,0,133.3554001,TRUE,FALSE,FALSE
83.10565735,6.992339716,32.06429833,0,0,113.7996558,TRUE,FALSE,FALSE
94.0455366,8.63703329,32.40035776,1,0,108.3649694,TRUE,FALSE,FALSE
86.27926057,7.295776531,28.70824145,0,0,139.9720199,TRUE,FALSE,FALSE
89.00252304,7.724053191,37.34409734,1,0,168.7716446,TRUE,FALSE,FALSE
84.97058352,6.609803476,34.74870381,0,0,180.4915029,TRUE,FALSE,FALSE
80.17559561,10.00057079,32.50112909,1,0,231.5661616,TRUE,FALSE,FALSE
82.34942948,8.589844452,36.16504,0,2,120.5526494,FALSE,FALSE,TRUE
99.17269059,7.050281057,30.47175342,0,0,121.7719721,TRUE,FALSE,FALSE
98.95697631,10.62326333,33.54634382,0,1,106.351872,FALSE,TRUE,FALSE
81.20477811,9.078299918,28.08111853,0,1,155.4112789,FALSE,TRUE,FALSE
96.57597897,10.05334215,29.59174531,0,2,183.2088781,FALSE,FALSE,TRUE
87.14673454,6.875650092,30.51339237,0,1,118.7269009,FALSE,TRUE,FALSE
80.93809722,9.815518438,28.1641535,1,0,137.2478818,TRUE,FALSE,FALSE
89.66308478,9.523269668,32.13094276,0,1,81.91919828,FALSE,TRUE,FALSE
92.23844319,10.56173444,33.72363336,1,2,77.27064002,FALSE,FALSE,TRUE
86.56919048,8.674932005,37.61750103,1,2,143.9711399,FALSE,FALSE,TRUE
98.62904575,10.96279321,29.22284906,1,2,199.1270678,FALSE,FALSE,TRUE
93.15023649,8.692748804,31.5860669,1,0,148.4348826,TRUE,FALSE,FALSE
88.62287357,9.671937994,31.76075189,0,1,65.37501287,FALSE,TRUE,FALSE
82.23041398,9.739995244,36.1057287,0,0,69.56982039,TRUE,FALSE,FALSE
97.75503295,6.007337601,32.60643791,1,0,85.02052303,TRUE,FALSE,FALSE
92.51186961,7.009492827,37.51943677,1,2,161.166418,FALSE,FALSE,TRUE
82.5567013,6.286233811,33.90153973,0,2,163.8672133,FALSE,FALSE,TRUE
83.22936019,6.460599005,37.8147668,0,2,102.7323206,FALSE,FALSE,TRUE
83.22821957,7.980327327,32.84152615,1,0,227.1953693,TRUE,FALSE,FALSE
97.67223668,11.70247216,28.93327319,1,1,235.9422467,FALSE,TRUE,FALSE
97.41702445,9.137376918,30.92026146,0,2,194.9693445,FALSE,FALSE,TRUE
88.88536019,6.118574564,35.85627018,1,1,111.675211,FALSE,TRUE,FALSE
86.71202728,6.650723544,36.41878698,0,1,105.526059,FALSE,TRUE,FALSE
87.7034466,7.586793908,30.0008137,1,0,110.3200365,TRUE,FALSE,FALSE
82.43161032,9.49381196,37.66509442,0,1,163.868213,FALSE,TRUE,FALSE
90.16828474,10.88281413,36.9400413,1,0,82.44309616,TRUE,FALSE,FALSE
81.51461688,9.182828872,36.44794669,1,1,264.0407863,FALSE,TRUE,FALSE
92.74376024,10.62098962,31.57503038,1,0,153.8281995,TRUE,FALSE,FALSE
91.75930796,8.764717987,28.00913153,1,1,245.3159736,FALSE,TRUE,FALSE
92.3241038,11.80738642,37.3506055,0,2,194.3578552,FALSE,FALSE,TRUE
86.69059711,9.700179932,29.17019717,0,0,145.8567703,TRUE,FALSE,FALSE
97.37151695,9.360411956,29.05099812,0,2,72.54487982,FALSE,FALSE,TRUE
81.68665116,6.058231278,37.15752035,1,2,146.0112594,FALSE,FALSE,TRUE
80.44086248,6.305510789,31.59330292,0,0,135.9108371,TRUE,FALSE,FALSE
82.40684531,11.70184844,35.54729891,1,0,83.2908022,TRUE,FALSE,FALSE
97.72496992,8.018119957,28.18730116,1,1,155.9835599,FALSE,TRUE,FALSE
88.99101701,10.74028639,31.15971349,0,0,99.71357189,TRUE,FALSE,FALSE
83.35054382,6.261049483,37.51899629,1,2,150.8680397,FALSE,FALSE,TRUE
91.53422678,8.716002784,36.06602715,0,1,155.0583353,FALSE,TRUE,FALSE
87.16327723,6.133787877,31.23032571,1,1,179.978187,FALSE,TRUE,FALSE
80.28025441,10.84477369,30.35789251,0,1,61.7968573,FALSE,TRUE,FALSE
80.24632085,9.403704832,37.64919549,0,0,68.55546913,TRUE,FALSE,FALSE
84.91475016,10.12869115,30.35589568,1,1,175.6340388,FALSE,TRUE,FALSE
81.67832764,9.011329036,36.08552386,1,1,176.9669557,FALSE,TRUE,FALSE
80.3160268,7.439745935,33.58930466,1,2,139.8602868,FALSE,FALSE,TRUE
94.29416027,11.42588607,30.83997504,0,2,86.24807124,FALSE,FALSE,TRUE
92.48026753,10.37246095,32.54420801,0,0,149.2668907,TRUE,FALSE,FALSE
97.85663506,6.735755734,33.55679145,1,2,220.078457,FALSE,FALSE,TRUE
96.08908644,8.997050857,33.78619456,0,0,200.8527703,TRUE,FALSE,FALSE
83.76860305,7.885536337,35.37749258,0,2,165.1424907,FALSE,FALSE,TRUE
95.50445261,8.671628973,37.67398342,0,1,159.1754534,FALSE,TRUE,FALSE
85.00999257,8.450333724,31.10870773,0,0,111.657549,TRUE,FALSE,FALSE
88.92377691,8.798406156,29.23777977,0,2,83.10987099,FALSE,FALSE,TRUE
99.90518355,11.5863479,31.29183462,1,0,88.64671477,TRUE,FALSE,FALSE
88.72421524,10.35369634,35.04543355,1,0,144.6464089,TRUE,FALSE,FALSE
90.08615183,11.26284954,31.39017066,0,1,169.0448549,FALSE,TRUE,FALSE
84.53620763,11.64677182,29.21479154,1,1,197.6568058,FALSE,TRUE,FALSE
90.22558171,8.437567019,37.43367475,0,2,128.6931404,FALSE,FALSE,TRUE
96.39458305,10.64174245,35.12585593,0,1,80.29076139,FALSE,TRUE,FALSE
89.07647969,9.506909884,35.16152605,0,0,66.6101273,TRUE,FALSE,FALSE
92.88924938,7.023967005,35.77086739,0,2,116.4811645,FALSE,FALSE,TRUE
98.44264884,8.60596275,31.32167451,1,0,227.6343638,TRUE,FALSE,FALSE
80.61976745,9.479265359,37.86598131,1,1,198.058809,FALSE,TRUE,FALSE
90.15745796,10.85974364,35.82791722,1,1,145.4545527,FALSE,TRUE,FALSE
86.92360317,7.562416788,30.70856807,1,0,174.1964641,TRUE,FALSE,FALSE
93.52735351,9.16096993,32.99980059,1,2,100.2920985,FALSE,FALSE,TRUE
92.15060512,7.095513616,35.62381068,1,0,133.5175869,TRUE,FALSE,FALSE
99.37011218,6.31676627,34.3206857,0,0,154.6874501,TRUE,FALSE,FALSE
82.92947507,6.417286018,36.24792719,0,0,71.43636498,TRUE,FALSE,FALSE
89.89090106,9.02504514,35.73165259,0,1,158.2499252,FALSE,TRUE,FALSE
93.25432803,8.326710162,33.21810121,0,1,82.66195659,FALSE,TRUE,FALSE
93.52698867,11.04302295,30.45518195,1,0,251.0045741,TRUE,FALSE,FALSE
83.29117445,11.67069134,31.42123767,1,2,148.3967577,FALSE,FALSE,TRUE
84.65890953,10.96322408,35.62829395,0,0,187.1790134,TRUE,FALSE,FALSE
92.00753696,8.330146942,34.2392655,1,2,199.6978955,FALSE,FALSE,TRUE
89.53284674,8.092914429,31.83760585,1,1,111.2389111,FALSE,TRUE,FALSE
93.9883356,10.47884749,32.59778966,1,1,137.8398036,FALSE,TRUE,FALSE
94.41425669,7.121851838,31.42107364,0,1,160.9543818,FALSE,TRUE,FALSE
99.0128138,9.387796422,30.33750151,0,1,276.5501172,FALSE,TRUE,FALSE
98.61864751,6.395192512,32.10204733,0,0,110.154298,TRUE,FALSE,FALSE
86.03215004,7.450340192,31.56655586,0,2,74.36195401,FALSE,FALSE,TRUE
89.70557774,9.519297332,33.22233107,0,1,81.45061744,FALSE,TRUE,FALSE
85.62154542,10.08865898,33.58996843,1,1,174.548327,FALSE,TRUE,FALSE
93.81388877,9.28156607,29.36472162,1,1,199.7057212,FALSE,TRUE,FALSE
80.39733564,8.54970348,32.50870356,0,2,80.32722825,FALSE,FALSE,TRUE
87.08135868,11.09604018,36.68883088,0,0,121.4703833,TRUE,FALSE,FALSE
84.85024235,6.174240697,28.88172846,1,0,145.3984155,TRUE,FALSE,FALSE
97.53175736,10.64243664,33.59208925,1,1,158.1955072,FALSE,TRUE,FALSE
95.67971217,9.541963306,32.64286729,1,1,222.3084243,FALSE,TRUE,FALSE
94.75844694,8.446952924,37.96969161,0,2,126.2679565,FALSE,FALSE,TRUE
82.84652429,10.48394303,36.81492438,0,1,129.0689237,FALSE,TRUE,FALSE
88.09603918,9.079537718,28.76200122,1,0,74.75462145,TRUE,FALSE,FALSE
93.62253707,8.293665552,29.24082578,0,0,138.3399408,TRUE,FALSE,FALSE
81.31375809,8.574498397,29.92242491,0,0,102.7560245,TRUE,FALSE,FALSE
87.54580184,6.634572528,30.63999543,1,2,78.75773926,FALSE,FALSE,TRUE
91.31723498,8.679169297,33.11341732,1,0,86.08317644,TRUE,FALSE,FALSE
81.96600899,10.66808208,31.35119064,0,0,126.4167877,TRUE,FALSE,FALSE
92.04786297,9.23675403,35.33476781,0,2,92.15676181,FALSE,FALSE,TRUE
93.7037055,6.118547182,31.06802367,0,1,116.2239483,FALSE,TRUE,FALSE
89.61118067,6.79423505,35.7656563,0,2,157.0359193,FALSE,FALSE,TRUE
82.13324948,11.51576443,37.35027688,0,1,102.1566652,FALSE,TRUE,FALSE
89.60366156,9.734926973,29.5301949,1,1,229.238142,FALSE,TRUE,FALSE
84.51752741,11.01032492,30.85672936,1,2,235.9668729,FALSE,FALSE,TRUE
99.3863201,10.83551948,33.14082942,1,0,101.4137678,TRUE,FALSE,FALSE
86.79622527,10.7471128,31.40543366,0,0,100.5125459,TRUE,FALSE,FALSE
85.33041778,11.41382263,35.28550643,0,1,135.8813366,FALSE,TRUE,FALSE
96.23430638,7.264879096,34.32322596,1,2,120.2847545,FALSE,FALSE,TRUE
96.20249493,6.677813731,37.26987135,1,0,185.6229509,TRUE,FALSE,FALSE
84.15553478,8.331023196,35.9162017,0,0,168.558201,TRUE,FALSE,FALSE
85.11641135,11.73222341,32.60614469,0,2,140.4541398,FALSE,FALSE,TRUE
94.14978327,6.993430996,34.90321451,1,2,167.3677732,FALSE,FALSE,TRUE
94.58015886,10.15584658,35.9677294,1,0,161.42193,TRUE,FALSE,FALSE
95.74401471,10.29070222,36.44678391,0,1,165.7161981,FALSE,TRUE,FALSE
97.79935686,9.805481786,32.64595408,0,0,109.0731257,TRUE,FALSE,FALSE
88.17401135,8.390794978,32.15326501,1,0,138.6233541,TRUE,FALSE,FALSE
81.10371477,9.183079346,33.28222827,1,0,95.38262901,TRUE,FALSE,FALSE
86.74562683,10.2295491,28.42969108,1,2,106.4802355,FALSE,FALSE,TRUE
84.5353331,7.375831001,32.72828417,1,0,93.6759536,TRUE,FALSE,FALSE
93.4535163,8.512808505,37.53782156,1,1,118.6516627,FALSE,TRUE,FALSE
94.27929629,11.65274799,35.3854753,1,0,195.3147241,TRUE,FALSE,FALSE
90.65255116,10.38093099,33.22178983,1,0,253.0394424,TRUE,FALSE,FALSE
99.87828371,9.783236305,31.26577524,1,0,127.9956718,TRUE,FALSE,FALSE
96.93469469,9.742665531,30.40964845,1,0,217.6645782,TRUE,FALSE,FALSE
96.75868504,11.25440692,36.1607644,0,0,166.386152,TRUE,FALSE,FALSE
88.15857179,11.23072739,32.61066312,1,1,132.6773991,FALSE,TRUE,FALSE
87.83773237,11.0863068,30.84682274,0,0,156.9986457,TRUE,FALSE,FALSE
84.23288573,9.400079381,32.38377999,1,1,243.2339343,FALSE,TRUE,FALSE
99.62304982,10.91233894,31.7793244,1,0,143.9276162,TRUE,FALSE,FALSE
89.08083506,11.48744459,29.94560386,0,1,130.545704,FALSE,TRUE,FALSE
80.77289573,11.60667722,36.30407236,1,0,238.7915128,TRUE,FALSE,FALSE
90.10467232,11.44941922,37.03134448,0,0,138.1316639,TRUE,FALSE,FALSE
90.92211611,8.977329745,31.93876943,1,0,96.93043781,TRUE,FALSE,FALSE
83.34475773,11.36142316,33.85244191,0,0,96.8810886,TRUE,FALSE,FALSE
92.82737922,7.241732439,36.23340842,0,2,217.784696,FALSE,FALSE,TRUE
92.2883774,9.450110208,29.91777883,1,1,116.3503207,FALSE,TRUE,FALSE
80.34601826,7.506879627,31.70436922,1,1,271.7031162,FALSE,TRUE,FALSE
82.68299294,6.810060022,33.27021479,0,1,215.9780225,FALSE,TRUE,FALSE
92.26668121,10.96325069,28.95704672,0,0,147.9826791,TRUE,FALSE,FALSE
85.64532329,11.88086922,37.27318619,1,1,269.4064922,FALSE,TRUE,FALSE
83.76000226,7.354725712,31.23509461,1,2,131.5768783,FALSE,FALSE,TRUE
82.68010858,6.397592311,34.42773222,1,2,191.4797149,FALSE,FALSE,TRUE
84.07372251,7.14334611,32.76836948,1,1,165.5814554,FALSE,TRUE,FALSE
90.56094016,9.256073024,36.10217575,1,2,137.9279427,FALSE,FALSE,TRUE
96.75737307,9.169004659,37.77252289,1,2,120.6790341,FALSE,FALSE,TRUE
95.41753293,6.440473961,29.4074574,1,2,65.20661665,FALSE,FALSE,TRUE
90.48246408,9.256448782,34.42218683,0,1,178.7400676,FALSE,TRUE,FALSE
86.13058412,8.463268984,36.46170911,0,1,81.74468269,FALSE,TRUE,FALSE
99.6834776,8.57003263,34.49255516,1,1,129.5099553,FALSE,TRUE,FALSE
86.0418149,9.948998301,31.69256804,0,1,110.1968145,FALSE,TRUE,FALSE
95.33402561,10.18002585,36.55221502,0,1,110.3491519,FALSE,TRUE,FALSE
92.81729776,7.527338691,33.78323301,1,0,222.9474616,TRUE,FALSE,FALSE
84.93191777,7.651342086,37.96236843,0,2,129.783179,FALSE,FALSE,TRUE
85.73871008,9.169542003,35.21752524,1,2,157.9252986,FALSE,FALSE,TRUE
97.31657156,10.89140606,30.98263281,1,2,197.32906,FALSE,FALSE,TRUE
95.79149168,8.887868849,33.5499605,0,2,113.2456385,FALSE,FALSE,TRUE
86.28638381,6.039206531,30.49757626,1,0,134.8826483,TRUE,FALSE,FALSE
93.75829386,6.160551046,32.31944052,0,2,100.6077474,FALSE,FALSE,TRUE
91.9986009,9.625446628,30.90569817,1,1,93.0405081,FALSE,TRUE,FALSE
81.51136612,11.47457486,33.78802092,0,1,280.1398687,FALSE,TRUE,FALSE
89.440609,7.325458362,36.20090096,0,0,91.32787098,TRUE,FALSE,FALSE
80.55719261,11.78635055,29.98342522,1,1,218.4180155,FALSE,TRUE,FALSE
92.22899553,8.231975147,37.96177061,1,0,137.7722617,TRUE,FALSE,FALSE
92.54532778,10.95246311,31.5936384,0,0,113.0022885,TRUE,FALSE,FALSE
94.27354541,9.944978436,29.39558029,0,0,193.1786992,TRUE,FALSE,FALSE
86.03746641,6.506503882,33.16595825,1,2,197.8282753,FALSE,FALSE,TRUE
89.51036384,9.8226041,37.12595342,1,2,80.30486118,FALSE,FALSE,TRUE
97.56890418,8.517109397,29.2756716,1,2,162.9847208,FALSE,FALSE,TRUE
84.78240153,9.017254505,35.33102219,0,1,124.3668748,FALSE,TRUE,FALSE
87.10484084,9.876025572,30.38996481,0,2,200.8613997,FALSE,FALSE,TRUE
86.20203263,9.04014419,37.40169436,0,0,199.6387422,TRUE,FALSE,FALSE
99.64495445,10.96240112,28.90302268,0,1,179.9867638,FALSE,TRUE,FALSE
90.81889477,6.721557192,32.57006354,0,0,245.4593842,TRUE,FALSE,FALSE
90.25940998,11.90162701,28.52700141,0,0,219.3621323,TRUE,FALSE,FALSE
98.14516129,11.69164862,32.99936262,1,2,157.7903002,FALSE,FALSE,TRUE
96.69428845,10.93759692,33.96982144,0,0,184.4784738,TRUE,FALSE,FALSE
99.88293681,8.287825311,30.58703769,0,1,191.9521363,FALSE,TRUE,FALSE
80.38472493,10.44069262,31.08217979,1,0,117.8336405,TRUE,FALSE,FALSE
84.57969375,11.85920198,28.57159317,0,0,206.091824,TRUE,FALSE,FALSE
87.2949962,6.70822836,35.7957683,0,2,109.1037753,FALSE,FALSE,TRUE
96.90673603,8.249108904,31.64972426,1,1,132.873433,FALSE,TRUE,FALSE
84.59526816,10.08107019,35.37715126,0,1,149.2321775,FALSE,TRUE,FALSE
93.72983172,10.78013428,33.55605276,0,1,184.0608184,FALSE,TRUE,FALSE
95.82855922,6.328361449,28.3948283,0,1,138.9148047,FALSE,TRUE,FALSE
91.00120504,10.73795694,34.44867023,0,2,77.26671543,FALSE,FALSE,TRUE
91.18967761,10.43274784,28.80075739,1,0,120.1098171,TRUE,FALSE,FALSE
81.5835364,8.878096219,36.28992428,0,1,69.88182699,FALSE,TRUE,FALSE
82.51397419,10.45130042,31.62091575,1,1,126.0648957,FALSE,TRUE,FALSE
83.7495231,7.194806864,35.12802739,1,0,107.1083117,TRUE,FALSE,FALSE
88.26571415,11.76778045,28.14787152,1,1,146.3187924,FALSE,TRUE,FALSE
81.30649589,6.839911136,36.94145129,1,0,197.4943586,TRUE,FALSE,FALSE
95.41496317,8.053107305,31.82507599,0,1,171.2841122,FALSE,TRUE,FALSE
97.6598382,7.711858957,31.111536,0,0,85.58878733,TRUE,FALSE,FALSE
82.2628364,7.659663224,31.43021056,1,2,112.7784863,FALSE,FALSE,TRUE
98.86078899,11.84969566,30.78441251,1,0,267.905101,TRUE,FALSE,FALSE
93.22104194,9.246285374,37.59154308,0,2,114.5832109,FALSE,FALSE,TRUE
83.669018,11.88823499,28.01873933,1,1,130.0617342,FALSE,TRUE,FALSE
83.04839202,8.960818893,29.36260093,1,2,130.4904334,FALSE,FALSE,TRUE
95.68092358,9.626965969,31.78001629,0,0,156.0317417,TRUE,FALSE,FALSE
90.86180472,9.459691469,32.95056084,1,0,148.8761467,TRUE,FALSE,FALSE
83.82251455,11.99400573,29.00983569,0,2,211.6515516,FALSE,FALSE,TRUE
95.97639423,6.465054409,28.66865399,1,2,164.5659154,FALSE,FALSE,TRUE
96.96817829,6.603905619,36.26351856,0,2,143.9872099,FALSE,FALSE,TRUE
81.57989271,7.970729443,28.49644336,1,0,54.41029575,TRUE,FALSE,FALSE
98.72365366,8.610257897,32.29504393,1,2,112.2017634,FALSE,FALSE,TRUE
89.463464,6.7967919,31.54146505,1,2,151.3428196,FALSE,FALSE,TRUE
84.54419706,8.377644575,28.10951414,1,0,150.9789151,TRUE,FALSE,FALSE
82.70226394,7.250827,35.64099411,0,1,120.2088353,FALSE,TRUE,FALSE
90.635046,7.427921148,37.95223045,1,2,168.4636132,FALSE,FALSE,TRUE
81.64125351,11.14162848,28.95380171,0,0,147.6000054,TRUE,FALSE,FALSE
92.15127486,9.183136102,34.82518417,1,2,167.8902808,FALSE,FALSE,TRUE
81.68278482,10.02090221,31.59288492,1,1,86.38057492,FALSE,TRUE,FALSE
93.18168382,10.18428732,34.99167229,1,2,117.4479634,FALSE,FALSE,TRUE
84.87454439,7.396332345,37.25578086,0,2,164.4016647,FALSE,FALSE,TRUE
94.01766846,10.32183809,33.04646788,1,0,181.0343751,TRUE,FALSE,FALSE
94.07480464,7.451144319,31.24076406,1,2,172.3063498,FALSE,FALSE,TRUE
92.2174327,8.18763108,33.86420157,1,1,115.6107124,FALSE,TRUE,FALSE
94.67757865,6.948316453,37.8830229,1,2,186.4989213,FALSE,FALSE,TRUE
80.63833739,7.335809215,31.57799384,1,1,259.1941212,FALSE,TRUE,FALSE
88.72634568,9.945751298,31.80205086,0,1,145.5222449,FALSE,TRUE,FALSE
91.73152706,10.14539742,35.38233674,0,1,199.0318291,FALSE,TRUE,FALSE
94.81967369,9.921817892,35.75666917,0,0,202.8049967,TRUE,FALSE,FALSE
87.2977344,11.43124515,32.99066871,0,2,88.23754821,FALSE,FALSE,TRUE
99.90279925,6.831218938,32.04633031,1,2,94.27025295,FALSE,FALSE,TRUE
93.86643336,7.442979679,30.13763541,1,1,105.4350132,FALSE,TRUE,FALSE
94.04997159,6.131270649,34.04049517,0,2,113.2045797,FALSE,FALSE,TRUE
99.52072842,8.007859155,36.5546586,1,2,196.0466169,FALSE,FALSE,TRUE
95.12150297,9.235838068,29.18117589,0,1,89.75788714,FALSE,TRUE,FALSE
94.21892471,6.960542068,33.28321223,1,2,125.1123142,FALSE,FALSE,TRUE
95.92207265,6.781362723,36.25403797,0,2,173.2499479,FALSE,FALSE,TRUE
99.83772171,6.956406681,35.33085748,1,1,140.7944332,FALSE,TRUE,FALSE
97.90261413,8.043519974,30.55096004,1,2,93.50099537,FALSE,FALSE,TRUE
88.12544489,8.082282442,37.34064819,0,2,137.1323286,FALSE,FALSE,TRUE
93.15854387,6.318741433,33.92160878,1,2,107.1046883,FALSE,FALSE,TRUE
80.08490245,8.998909485,33.6311633,0,2,122.4767583,FALSE,FALSE,TRUE
82.65339159,9.458645718,36.16407483,0,1,233.1979696,FALSE,TRUE,FALSE
83.21481138,7.951883654,32.76998255,1,2,131.1079764,FALSE,FALSE,TRUE
87.67264513,8.887827079,37.43637633,1,1,124.5264303,FALSE,TRUE,FALSE
81.40573913,9.454387467,36.14801417,0,2,230.24107,FALSE,FALSE,TRUE
95.39984478,11.26817623,37.99270984,1,2,98.17476814,FALSE,FALSE,TRUE
88.37308808,10.20713298,31.72798611,0,1,164.7528355,FALSE,TRUE,FALSE
93.29552064,10.86064811,32.57304397,1,2,140.2522295,FALSE,FALSE,TRUE
83.42549744,8.887071946,33.49962825,0,0,109.4284541,TRUE,FALSE,FALSE
82.90054787,8.897988458,35.0666858,0,1,177.5992808,FALSE,TRUE,FALSE
82.118729,9.632618597,28.53203279,1,1,112.5879776,FALSE,TRUE,FALSE
81.9759509,7.557538612,37.55258371,0,2,144.6965868,FALSE,FALSE,TRUE
94.3794195,11.02255174,36.29879897,1,0,97.8607163,TRUE,FALSE,FALSE
81.22362612,8.524611155,33.80246465,0,0,158.4617673,TRUE,FALSE,FALSE
88.70816485,8.605454491,36.54054846,1,2,82.54401605,FALSE,FALSE,TRUE
89.54107974,8.437780799,35.81058247,0,2,68.22721107,FALSE,FALSE,TRUE
82.65313122,11.58818584,36.31331029,0,0,127.6878417,TRUE,FALSE,FALSE
87.26543568,6.499399029,31.23756253,0,1,158.3305911,FALSE,TRUE,FALSE
87.19116502,7.316398751,34.12501188,0,2,150.1920259,FALSE,FALSE,TRUE
92.94682506,9.726914801,32.8870355,0,2,196.7638018,FALSE,FALSE,TRUE
98.81583008,7.569401102,37.89709619,1,2,91.16509801,FALSE,FALSE,TRUE
91.60552973,7.985006018,35.09784291,1,2,93.93549069,FALSE,FALSE,TRUE
94.29525369,10.90024058,37.06715528,1,2,232.7502725,FALSE,FALSE,TRUE
88.25451149,7.877146244,30.25535054,0,2,133.7935891,FALSE,FALSE,TRUE
97.60576491,8.034340349,29.12256458,0,2,101.9946066,FALSE,FALSE,TRUE
88.78593001,9.173699594,32.05871865,0,0,126.7468346,TRUE,FALSE,FALSE
83.98470508,8.838583774,29.29572319,0,2,136.58844,FALSE,FALSE,TRUE
87.36742093,9.154496225,31.3992844,0,0,105.6582559,TRUE,FALSE,FALSE
91.06169372,10.49169535,32.08060495,1,2,191.8789392,FALSE,FALSE,TRUE
99.46697522,9.925852208,30.21017971,1,0,201.6971669,TRUE,FALSE,FALSE
98.66526829,7.223636652,35.49562939,1,0,233.5916612,TRUE,FALSE,FALSE
89.92704386,7.953667033,29.05876632,1,2,262.0969334,FALSE,FALSE,TRUE
85.56742859,8.074130554,31.10678892,0,1,112.4652183,FALSE,TRUE,FALSE
81.94047742,8.031522658,33.63019253,0,2,106.6498987,FALSE,FALSE,TRUE
86.52011197,7.051426925,36.74677557,1,0,91.54479306,TRUE,FALSE,FALSE
85.06116312,9.910129008,34.87465829,0,2,150.3808674,FALSE,FALSE,TRUE
84.01504395,11.04824877,33.43412112,0,1,81.11628524,FALSE,TRUE,FALSE
88.57894116,6.279514497,29.16994316,1,0,120.7353405,TRUE,FALSE,FALSE
93.11638871,6.102300173,37.64256691,1,1,178.6870046,FALSE,TRUE,FALSE
83.10305588,6.434359593,37.96546332,0,1,109.1805755,FALSE,TRUE,FALSE
90.87422407,10.5973407,32.61391926,1,2,183.1506051,FALSE,FALSE,TRUE
97.4958021,7.109561952,36.12902522,0,2,75.43711763,FALSE,FALSE,TRUE
81.511255,11.52282571,35.8892061,0,1,170.7326203,FALSE,TRUE,FALSE
84.63845726,7.947597042,33.5034547,0,1,95.48417683,FALSE,TRUE,FALSE
94.93348926,10.08915,37.49804309,1,1,161.4687436,FALSE,TRUE,FALSE
98.35058595,7.110766173,31.95764876,1,1,147.6327914,FALSE,TRUE,FALSE
91.39766951,7.750599892,31.58965679,1,2,116.8956478,FALSE,FALSE,TRUE
93.72870518,8.297205814,32.30164831,1,2,219.5121043,FALSE,FALSE,TRUE
83.65393053,7.512081799,36.77605003,0,0,258.2953563,TRUE,FALSE,FALSE
90.8666979,11.93975483,31.39858782,0,1,97.34321694,FALSE,TRUE,FALSE
99.96694769,11.49238907,35.17217041,1,2,168.1688132,FALSE,FALSE,TRUE
99.45163182,7.403142262,36.02200222,1,2,67.26284244,FALSE,FALSE,TRUE
87.74539816,6.71103828,33.88790641,0,2,167.4331315,FALSE,FALSE,TRUE
99.75272588,6.159556254,34.71768238,0,0,155.7732719,TRUE,FALSE,FALSE
87.35755895,9.62618002,33.85547778,0,1,120.9804359,FALSE,TRUE,FALSE
97.7094789,10.50456228,30.44004215,1,1,331.4612218,FALSE,TRUE,FALSE
95.48240251,6.516507059,34.60577466,1,1,119.8862669,FALSE,TRUE,FALSE
81.37344617,10.39239704,33.98869761,0,0,156.1527351,TRUE,FALSE,FALSE
80.14211167,9.578263061,30.90882215,0,1,91.12482054,FALSE,TRUE,FALSE
96.24872074,6.426783491,28.90984936,1,0,171.0284579,TRUE,FALSE,FALSE
81.95184037,6.033113107,34.61050975,0,0,105.4406349,TRUE,FALSE,FALSE
88.56378256,11.9890548,37.13191146,0,2,137.6151036,FALSE,FALSE,TRUE
83.66622798,11.87161342,28.03358457,1,2,205.6559046,FALSE,FALSE,TRUE
87.02282453,10.48673825,32.84413838,1,2,122.0518577,FALSE,FALSE,TRUE
91.49999307,11.73452551,32.05843386,1,1,124.1975216,FALSE,TRUE,FALSE
92.63215353,8.847901913,29.72179229,1,0,199.3315802,TRUE,FALSE,FALSE
97.38331452,9.611128331,29.71553431,0,1,70.49558546,FALSE,TRUE,FALSE
96.09339694,10.19105399,33.68538095,0,2,87.11230606,FALSE,FALSE,TRUE
81.02313716,10.70911536,29.30315586,0,1,166.5665918,FALSE,TRUE,FALSE
83.87502595,11.02088418,31.96079448,1,2,109.4249652,FALSE,FALSE,TRUE
97.71621004,10.16018099,34.41673213,0,1,132.4962901,FALSE,TRUE,FALSE
97.43850891,7.102484103,28.14284245,0,1,145.08699,FALSE,TRUE,FALSE
82.80032115,11.60265104,32.1286099,0,2,130.8141033,FALSE,FALSE,TRUE
89.31798007,6.504634187,32.40587695,1,0,112.2095842,TRUE,FALSE,FALSE
84.11732815,7.697457649,31.00357959,1,1,104.9983035,FALSE,TRUE,FALSE
98.78976165,10.04169924,31.38004061,0,0,199.5134936,TRUE,FALSE,FALSE
86.62468449,11.32288157,34.37670319,1,1,99.15694457,FALSE,TRUE,FALSE
89.82223093,9.233203898,30.47652841,0,1,155.1253028,FALSE,TRUE,FALSE
81.47133991,8.109993782,35.02467572,0,0,113.1808286,TRUE,FALSE,FALSE
87.01099564,11.90717969,29.17648669,0,2,143.3569302,FALSE,FALSE,TRUE
91.2247789,6.297973853,34.56137232,0,0,204.6358646,TRUE,FALSE,FALSE
87.70013064,10.01395873,33.74407741,1,1,104.0197506,FALSE,TRUE,FALSE
81.65918007,6.758151968,36.23661394,0,1,82.60964601,FALSE,TRUE,FALSE
85.03128506,10.78282347,34.64011965,1,0,163.9312862,TRUE,FALSE,FALSE
95.57372114,9.075864122,28.36586185,0,1,84.98773871,FALSE,TRUE,FALSE
98.14609649,9.999236127,28.59521948,0,0,87.85530535,TRUE,FALSE,FALSE
86.26227649,11.51500522,36.80714552,0,2,166.057111,FALSE,FALSE,TRUE
91.17643313,7.233909072,28.83919259,1,1,183.0152787,FALSE,TRUE,FALSE
88.44471101,8.609972736,36.7393493,0,1,99.41600789,FALSE,TRUE,FALSE
83.13711879,9.527959655,31.69657917,0,1,219.7400788,FALSE,TRUE,FALSE
80.79293405,7.451585479,36.0502891,1,2,100.6129989,FALSE,FALSE,TRUE
80.50581662,8.432986207,31.70438955,0,1,111.7201377,FALSE,TRUE,FALSE
98.29214847,10.73436931,35.15296468,1,1,91.3806314,FALSE,TRUE,FALSE
99.23052629,6.669485113,32.7239732,0,0,167.7889523,TRUE,FALSE,FALSE
97.75942702,9.640472713,34.55049594,1,0,130.9285202,TRUE,FALSE,FALSE
84.60803364,10.40162551,37.90418936,0,0,231.1472118,TRUE,FALSE,FALSE
94.45480464,9.385221406,37.4303222,0,0,60.04922595,TRUE,FALSE,FALSE
85.79384935,11.98741348,34.63316451,0,1,122.0997764,FALSE,TRUE,FALSE
83.07062949,9.636721269,28.89561682,0,2,167.6546128,FALSE,FALSE,TRUE
91.6097737,6.920958313,30.45255821,0,2,125.2623964,FALSE,FALSE,TRUE
88.1076788,8.063434323,28.74507677,1,0,104.4865899,TRUE,FALSE,FALSE
97.48185935,9.053069369,30.21820603,1,2,87.66297321,FALSE,FALSE,TRUE
88.84116474,9.009096083,31.19124164,1,2,95.26697353,FALSE,FALSE,TRUE
80.65638571,8.960601105,31.60835369,1,2,155.585249,FALSE,FALSE,TRUE
85.66912314,10.78366851,37.1844771,0,0,110.1431071,TRUE,FALSE,FALSE
91.44320269,8.856643501,34.78366046,1,2,98.64211597,FALSE,FALSE,TRUE
85.89229116,6.73787359,35.99350865,0,0,70.6719434,TRUE,FALSE,FALSE
90.6387248,9.75091615,33.08383069,0,1,64.24392065,FALSE,TRUE,FALSE
90.53079139,10.17456078,37.9920301,0,0,68.83569385,TRUE,FALSE,FALSE
83.60614837,8.97914117,28.51820376,0,2,148.2361684,FALSE,FALSE,TRUE
98.35977858,8.399694851,31.0840766,1,2,99.03229154,FALSE,FALSE,TRUE
91.45447508,10.37207717,34.80667851,0,0,135.5352537,TRUE,FALSE,FALSE
85.73797445,7.933844942,34.2987122,0,0,133.149528,TRUE,FALSE,FALSE
92.51972508,6.377434799,33.24097352,0,2,145.5355397,FALSE,FALSE,TRUE
80.59828592,6.100616247,34.17799899,0,2,131.4645907,FALSE,FALSE,TRUE
98.11331909,10.52243747,33.101437,1,0,156.9137745,TRUE,FALSE,FALSE
98.02034087,9.019961399,28.45127844,0,2,111.7160546,FALSE,FALSE,TRUE
86.71733828,10.87121576,29.07013001,0,2,118.8324002,FALSE,FALSE,TRUE
87.64123801,6.838343149,33.60985271,1,1,230.7969286,FALSE,TRUE,FALSE
97.40453134,6.609836806,34.22271271,1,1,267.8363861,FALSE,TRUE,FALSE
95.24798076,6.944089334,32.32339911,1,2,133.3058542,FALSE,FALSE,TRUE
97.68450673,10.69408914,34.17512884,0,1,204.4092176,FALSE,TRUE,FALSE
92.60870212,10.34200359,30.18629738,0,2,153.2144578,FALSE,FALSE,TRUE
95.64833221,6.985232645,36.38218816,1,0,103.3556982,TRUE,FALSE,FALSE
93.86615227,6.989268399,31.79752223,0,0,185.8552847,TRUE,FALSE,FALSE
98.76295417,7.597390648,28.07921956,0,2,135.8704503,FALSE,FALSE,TRUE
97.03573762,6.647293875,34.46852383,0,1,155.5550691,FALSE,TRUE,FALSE
90.94599575,8.460390168,31.56803779,1,0,97.95209107,TRUE,FALSE,FALSE
91.88538106,9.53927819,34.62402989,1,2,136.3038897,FALSE,FALSE,TRUE
82.03535699,11.6271028,31.10167404,1,0,93.92667334,TRUE,FALSE,FALSE
82.06618183,9.25582509,35.91080678,1,0,324.4766317,TRUE,FALSE,FALSE
89.89753508,7.521712151,31.35540902,0,0,193.5973414,TRUE,FALSE,FALSE
94.28335881,9.758608588,28.88983836,1,0,116.265912,TRUE,FALSE,FALSE
84.12716496,6.874066811,31.30593343,1,1,102.9076585,FALSE,TRUE,FALSE
83.38130272,9.77534429,32.62266959,0,1,92.41695404,FALSE,TRUE,FALSE
83.37929617,11.83012191,31.78543916,1,2,104.9824954,FALSE,FALSE,TRUE
85.4466358,8.918608717,34.73794258,1,0,210.6742727,TRUE,FALSE,FALSE
80.1302905,11.68931733,28.63695575,1,0,250.4804802,TRUE,FALSE,FALSE
87.00569343,9.391612171,32.28564255,1,1,231.7249322,FALSE,TRUE,FALSE
93.75822724,10.44659591,30.15736431,1,1,191.8783977,FALSE,TRUE,FALSE
91.66485034,9.041378762,37.61321228,1,1,219.3236593,FALSE,TRUE,FALSE
97.08339283,9.960892778,29.21853392,0,1,140.0028414,FALSE,TRUE,FALSE
94.48277647,10.29640472,30.88485883,1,2,203.1076648,FALSE,FALSE,TRUE
80.93524965,9.0932747,37.62120859,1,0,97.57770866,TRUE,FALSE,FALSE
93.76959444,6.446039989,37.67599269,1,2,152.5710859,FALSE,FALSE,TRUE
94.41742372,8.690951251,32.94484511,0,0,171.2767702,TRUE,FALSE,FALSE
81.24418018,11.8195705,29.98840489,1,2,107.8546925,FALSE,FALSE,TRUE
94.07684643,7.680006914,32.3605084,0,0,109.6693545,TRUE,FALSE,FALSE
82.45896172,8.993709309,37.26272793,1,2,158.8981981,FALSE,FALSE,TRUE
81.93234591,9.789529855,32.25139544,1,0,89.35909282,TRUE,FALSE,FALSE
97.69288425,6.985048595,32.50701258,1,2,162.907239,FALSE,FALSE,TRUE
94.01458146,9.835898366,34.924497,0,0,187.7235258,TRUE,FALSE,FALSE
94.10191208,6.082207389,30.18765154,1,0,124.2223857,TRUE,FALSE,FALSE
92.16437258,7.24415761,28.17413909,1,2,119.9877868,FALSE,FALSE,TRUE
88.6660868,6.685463058,31.68778474,1,2,189.6045821,FALSE,FALSE,TRUE
94.64677923,11.60731316,35.75324464,1,0,115.0833083,TRUE,FALSE,FALSE
80.20099253,6.216563471,35.96065709,0,0,212.505507,TRUE,FALSE,FALSE
96.08282282,7.914278012,35.96711494,0,2,89.69840575,FALSE,FALSE,TRUE
96.23654564,6.886970386,36.67639714,0,1,166.929269,FALSE,TRUE,FALSE
89.92310478,9.646683246,33.40926421,0,2,221.164441,FALSE,FALSE,TRUE
94.05901051,7.35278251,32.77086679,0,0,236.3308807,TRUE,FALSE,FALSE
87.25390237,10.47145853,29.25551822,1,1,75.91478613,FALSE,TRUE,FALSE
92.28581806,11.8253738,37.6077165,1,1,144.8354878,FALSE,TRUE,FALSE
94.89355228,8.728646172,33.72389665,0,0,106.2337607,TRUE,FALSE,FALSE
86.25258282,8.282232147,32.41650338,1,0,166.4313237,TRUE,FALSE,FALSE
90.93937774,9.892047572,29.78289366,0,1,162.5180246,FALSE,TRUE,FALSE
83.97590641,11.09161193,37.14772464,0,1,94.64337623,FALSE,TRUE,FALSE
86.6711453,10.83414557,33.46984711,1,0,216.2904162,TRUE,FALSE,FALSE
90.98693042,8.531908434,33.51342238,0,2,95.16266488,FALSE,FALSE,TRUE
91.36598759,9.765586375,31.44165442,1,1,249.919224,FALSE,TRUE,FALSE
84.62682449,7.993011261,32.99050328,1,0,107.1167865,TRUE,FALSE,FALSE
80.92360933,11.22537211,37.66668419,0,0,105.1829747,TRUE,FALSE,FALSE
85.0236657,7.829722619,34.28567156,1,2,253.1612805,FALSE,FALSE,TRUE
86.86280422,8.9952696,28.50788892,0,0,137.6925778,TRUE,FALSE,FALSE
84.84801041,9.482287231,33.97824246,0,0,102.0250636,TRUE,FALSE,FALSE
91.37394538,11.59651374,35.56109132,0,1,137.5300382,FALSE,TRUE,FALSE
96.06355556,8.501930426,37.39767608,1,2,187.0398835,FALSE,FALSE,TRUE
85.11891637,7.629792968,35.00262478,1,1,230.725013,FALSE,TRUE,FALSE
92.0872309,11.86688321,35.8468824,1,1,105.8047272,FALSE,TRUE,FALSE
91.90779847,6.658624313,29.40629248,0,1,225.4303404,FALSE,TRUE,FALSE
93.85106197,8.766495664,30.92784126,1,2,118.6835295,FALSE,FALSE,TRUE
84.49059352,10.94612293,31.58890306,1,1,90.17452978,FALSE,TRUE,FALSE
86.02016113,6.775351903,28.09567124,1,0,78.1117403,TRUE,FALSE,FALSE
92.53700219,6.519444975,35.48450851,1,2,68.16294188,FALSE,FALSE,TRUE
80.26522111,6.494672503,31.26863563,1,1,93.89151716,FALSE,TRUE,FALSE
86.48187503,11.21836532,33.40599838,1,2,103.8021482,FALSE,FALSE,TRUE
85.52851267,6.509145313,33.90463075,1,1,106.7719475,FALSE,TRUE,FALSE
91.43583444,7.827123502,34.23356103,1,2,197.3522642,FALSE,FALSE,TRUE
84.84030714,6.58877467,36.96855037,1,2,61.26397506,FALSE,FALSE,TRUE
92.13832296,6.811044545,30.97057699,1,2,144.7024116,FALSE,FALSE,TRUE
84.61100186,6.191449582,33.69041572,0,2,87.08376364,FALSE,FALSE,TRUE
80.02595449,8.298543079,35.70345181,1,1,102.1312494,FALSE,TRUE,FALSE
85.93099063,6.094064288,30.41119463,1,0,181.1958549,TRUE,FALSE,FALSE
94.46042878,7.617384932,31.85256604,0,2,78.2478823,FALSE,FALSE,TRUE
95.24699618,9.57511953,29.86934816,0,1,96.33873282,FALSE,TRUE,FALSE
81.73576704,10.12069625,32.2764207,1,1,211.1477238,FALSE,TRUE,FALSE
84.77532691,6.568253378,28.47674606,0,0,210.445717,TRUE,FALSE,FALSE
93.45246648,11.10220001,32.39048743,0,0,138.8881302,TRUE,FALSE,FALSE
90.16189625,8.081608772,32.85863502,0,1,121.690858,FALSE,TRUE,FALSE
93.37876422,10.20787617,36.84117438,1,0,90.754754,TRUE,FALSE,FALSE
86.95973314,10.77115604,31.72304921,1,0,160.61854,TRUE,FALSE,FALSE
97.2761318,9.74275027,36.43773727,1,0,100.2277752,TRUE,FALSE,FALSE
81.27567895,6.578236405,28.75984697,0,1,140.9629513,FALSE,TRUE,FALSE
94.96546332,10.83527616,37.87529376,0,2,156.1879593,FALSE,FALSE,TRUE
91.43079549,9.946742694,33.29971542,1,2,105.0452936,FALSE,FALSE,TRUE
95.0569332,8.418114562,28.66726106,0,2,110.8894966,FALSE,FALSE,TRUE
99.96573382,7.176996865,31.79919788,0,2,76.21337174,FALSE,FALSE,TRUE
91.91544957,8.605329739,32.87275793,1,1,175.7119576,FALSE,TRUE,FALSE
96.28484234,8.946569395,36.71244476,1,2,177.6158824,FALSE,FALSE,TRUE
84.00309826,11.92157803,37.55115133,1,2,116.3543319,FALSE,FALSE,TRUE
81.93155227,9.38614402,28.31215042,1,0,91.12763934,TRUE,FALSE,FALSE
96.80174373,8.821747285,34.0734581,1,1,117.5849449,FALSE,TRUE,FALSE
90.46360615,9.687170944,35.40814992,1,1,169.1849501,FALSE,TRUE,FALSE
93.61984072,8.104491614,37.57078,0,1,172.7963552,FALSE,TRUE,FALSE
83.39337527,9.075213611,33.98202623,0,2,80.74050215,FALSE,FALSE,TRUE
95.91951035,11.5613024,32.32814241,1,0,97.90528887,TRUE,FALSE,FALSE
81.51839922,9.768881965,30.36169655,0,2,81.5505416,FALSE,FALSE,TRUE
96.50878449,10.44398535,29.66078137,0,2,80.5762267,FALSE,FALSE,TRUE
95.82695537,8.70059887,33.48937588,0,0,269.1595783,TRUE,FALSE,FALSE
84.99887006,9.603669701,29.61609421,0,1,135.7374987,FALSE,TRUE,FALSE
90.55990386,6.348003618,35.0469107,1,1,159.2240071,FALSE,TRUE,FALSE
91.03287573,7.395634477,34.94573518,0,1,252.7167102,FALSE,TRUE,FALSE
95.94101377,6.605761653,36.95132235,1,1,117.423243,FALSE,TRUE,FALSE
93.80706896,10.14547632,29.33571681,0,0,93.6800467,TRUE,FALSE,FALSE
84.19167736,11.62436423,36.83884335,0,1,74.52598616,FALSE,TRUE,FALSE
88.16695912,7.586609403,33.90398038,1,0,191.97013,TRUE,FALSE,FALSE
94.29428188,11.60652432,33.98584629,1,0,78.88260307,TRUE,FALSE,FALSE
85.88551804,7.681420716,33.5154791,0,2,199.1164026,FALSE,FALSE,TRUE
97.16802981,6.027526192,28.19976596,0,2,94.31668265,FALSE,FALSE,TRUE
95.47675734,9.750604721,34.92098219,0,1,183.0797378,FALSE,TRUE,FALSE
85.64290072,9.601594574,37.81634833,1,2,77.04402139,FALSE,FALSE,TRUE
90.22606065,11.828338,28.86232244,0,2,214.1460569,FALSE,FALSE,TRUE
94.51829131,9.418698868,28.34602601,1,0,178.9704714,TRUE,FALSE,FALSE
81.90264943,10.67807376,32.15027049,0,1,134.7446096,FALSE,TRUE,FALSE
98.20576252,11.45999718,29.61378289,1,0,195.5829072,TRUE,FALSE,FALSE
87.30903966,7.55739559,36.14809804,1,0,220.1881945,TRUE,FALSE,FALSE
98.03097626,6.827260088,35.63809762,1,0,82.61301768,TRUE,FALSE,FALSE
95.66691136,8.747269249,32.1063004,1,1,243.6941562,FALSE,TRUE,FALSE
89.68803078,11.69162033,29.32235101,1,2,133.9517736,FALSE,FALSE,TRUE
91.5190918,6.608266093,29.26168199,1,0,268.1192496,TRUE,FALSE,FALSE
92.16945464,6.941118061,31.29667153,0,1,87.16520227,FALSE,TRUE,FALSE
92.97910135,11.48104158,31.11695704,1,1,167.5559017,FALSE,TRUE,FALSE
99.91217933,7.36261029,37.86775816,1,1,99.9017044,FALSE,TRUE,FALSE
80.66170622,11.31804202,29.87378887,1,0,144.0076212,TRUE,FALSE,FALSE
86.85992221,7.013063327,34.87286321,0,0,177.5012993,TRUE,FALSE,FALSE
87.57713005,9.039264273,33.56654175,0,2,189.025741,FALSE,FALSE,TRUE
88.48084347,10.76503701,33.80081007,1,1,150.5553549,FALSE,TRUE,FALSE
86.46119911,6.623916526,36.97186548,1,2,156.0083227,FALSE,FALSE,TRUE
81.39587057,11.34147573,28.67195555,1,1,154.7521967,FALSE,TRUE,FALSE
82.66355104,7.243139204,29.0882025,0,2,125.3822438,FALSE,FALSE,TRUE
97.06065395,10.99171546,32.65046452,0,2,252.2949301,FALSE,FALSE,TRUE
90.55930356,8.577333374,34.68106644,1,2,105.8312231,FALSE,FALSE,TRUE
94.28481252,11.25808406,36.64779033,1,1,61.20401416,FALSE,TRUE,FALSE
91.30959761,6.530917835,37.55646511,1,2,160.4825723,FALSE,FALSE,TRUE
83.34452897,11.6751837,28.62998734,1,0,218.5198963,TRUE,FALSE,FALSE
90.00947852,11.85552827,36.69477269,0,2,98.59925795,FALSE,FALSE,TRUE
81.76126523,11.7513889,29.7813535,1,2,118.1537902,FALSE,FALSE,TRUE
81.95808718,7.823970737,34.09212223,0,2,162.4130418,FALSE,FALSE,TRUE
84.13378693,6.15375884,31.23134855,0,0,186.4744827,TRUE,FALSE,FALSE
94.02784012,6.338181594,33.49282593,1,0,74.15177817,TRUE,FALSE,FALSE
97.88276412,10.6009715,32.80273211,1,0,63.94011141,TRUE,FALSE,FALSE
92.93497263,6.843928289,28.7214664,1,2,107.1332747,FALSE,FALSE,TRUE
86.41717982,10.9605433,33.86702282,0,1,96.74174041,FALSE,TRUE,FALSE
89.93715035,7.291847202,31.71977601,1,1,183.137239,FALSE,TRUE,FALSE
84.71662115,10.76531704,30.2270548,1,1,137.8436616,FALSE,TRUE,FALSE
91.83511847,6.365541649,31.49902106,1,1,161.1793544,FALSE,TRUE,FALSE
90.29414282,11.71748856,36.0165745,1,2,138.5110715,FALSE,FALSE,TRUE
86.9551812,11.81332147,31.42148113,0,2,166.8045989,FALSE,FALSE,TRUE
90.19490954,9.233313967,33.56411294,0,0,163.7867715,TRUE,FALSE,FALSE
83.18303398,10.90523172,33.83704644,0,0,180.3078373,TRUE,FALSE,FALSE
90.49222194,8.495232722,34.52748387,1,0,150.8024815,TRUE,FALSE,FALSE
88.76045677,11.23488114,34.74252023,0,1,122.7318836,FALSE,TRUE,FALSE
97.85196995,6.745337494,34.67788431,0,0,130.6900315,TRUE,FALSE,FALSE
92.15852631,11.63971458,28.19533118,0,1,152.4539814,FALSE,TRUE,FALSE
96.41085874,10.97892287,28.8829301,1,2,163.2407901,FALSE,FALSE,TRUE
93.72971697,11.06263506,28.70419138,0,2,107.3128851,FALSE,FALSE,TRUE
94.30948981,11.20624748,31.05989101,1,0,189.647877,TRUE,FALSE,FALSE
98.25331052,11.84849309,29.23495197,1,2,83.08500209,FALSE,FALSE,TRUE
99.17543822,7.49277268,31.96078911,1,2,116.5435877,FALSE,FALSE,TRUE
95.57689727,11.91985306,37.88747541,1,0,131.0441943,TRUE,FALSE,FALSE
86.27051538,6.369498649,34.1802689,0,1,146.1385838,FALSE,TRUE,FALSE
98.8795959,9.039444026,36.82398357,0,0,134.3085503,TRUE,FALSE,FALSE
82.39598459,11.36697614,35.32506538,0,0,78.17526041,TRUE,FALSE,FALSE
95.99624774,9.707245429,30.64515286,0,2,186.9328643,FALSE,FALSE,TRUE
84.58347809,11.39084338,34.71183216,1,2,95.76185255,FALSE,FALSE,TRUE
83.89372148,11.96831232,29.54672176,0,2,122.6779945,FALSE,FALSE,TRUE
86.34830548,11.78846655,31.99998786,0,2,120.6827074,FALSE,FALSE,TRUE
80.87795126,8.923751205,33.78746449,1,0,120.0449226,TRUE,FALSE,FALSE
93.3668739,6.074232443,28.27341395,0,1,85.64483485,FALSE,TRUE,FALSE
91.2008364,6.445618194,33.43931677,0,1,200.5479473,FALSE,TRUE,FALSE
90.63334441,11.38517868,33.67079617,0,2,207.2698762,FALSE,FALSE,TRUE
96.23488466,10.79978557,32.21198357,0,2,140.0758475,FALSE,FALSE,TRUE
94.08582572,8.289418531,28.26960289,0,2,93.07630666,FALSE,FALSE,TRUE
99.45894348,6.347678932,31.70850611,0,2,201.4511534,FALSE,FALSE,TRUE
91.3988703,9.989516336,30.86960246,1,0,137.656585,TRUE,FALSE,FALSE
82.37814746,6.09685259,35.60842443,0,0,129.5871523,TRUE,FALSE,FALSE
87.61510892,8.2354125,32.10054267,0,2,103.9677323,FALSE,FALSE,TRUE
99.84856958,9.12324236,37.43817643,0,0,89.70111301,TRUE,FALSE,FALSE
98.09718381,9.074758985,29.51927363,1,0,123.5447082,TRUE,FALSE,FALSE
95.89345676,10.45399537,35.95047376,0,0,206.2546251,TRUE,FALSE,FALSE
89.77307213,8.74662429,37.93165563,1,1,132.8358177,FALSE,TRUE,FALSE
91.54117746,8.634867519,32.15596777,1,2,90.23047379,FALSE,FALSE,TRUE
85.78986698,9.769383484,34.73360975,0,0,82.59286378,TRUE,FALSE,FALSE
98.17730342,6.950788305,31.55182354,1,1,229.2987083,FALSE,TRUE,FALSE
93.37636752,10.23779615,30.12632146,1,1,165.829339,FALSE,TRUE,FALSE
93.44024137,8.39593318,29.49865203,0,0,124.6665781,TRUE,FALSE,FALSE
92.17854107,11.57339618,35.16137534,0,1,217.0642453,FALSE,TRUE,FALSE
92.42194874,10.18419205,29.04231087,0,0,202.8429364,TRUE,FALSE,FALSE
98.47234972,8.6245817,33.46686968,0,0,86.56895363,TRUE,FALSE,FALSE
89.8980704,11.48110831,34.31239939,1,0,78.56312753,TRUE,FALSE,FALSE
95.94823881,11.02044317,37.47774615,1,2,88.36411708,FALSE,FALSE,TRUE
95.87998432,8.818491959,36.15274252,1,0,183.576333,TRUE,FALSE,FALSE
88.07145262,8.694243882,29.17608824,1,0,80.84185483,TRUE,FALSE,FALSE
87.58798264,8.175029651,34.55440735,1,0,210.9682883,TRUE,FALSE,FALSE
91.55294972,10.25691061,35.74884836,1,1,109.1884888,FALSE,TRUE,FALSE
87.19514359,9.960348231,33.02276936,1,2,232.1625901,FALSE,FALSE,TRUE
87.36461006,8.197935961,37.43978004,0,2,65.66617481,FALSE,FALSE,TRUE
91.88603867,7.768910091,34.00862966,1,1,112.0252856,FALSE,TRUE,FALSE
97.10897512,9.859997305,37.66506958,0,1,63.845258,FALSE,TRUE,FALSE
86.91912914,7.290627193,32.23745766,0,2,66.02505111,FALSE,FALSE,TRUE
96.02736669,6.261120111,30.29185129,1,1,138.3870951,FALSE,TRUE,FALSE
93.95604835,10.13231652,36.1752015,0,1,195.6474512,FALSE,TRUE,FALSE
86.28591745,11.92970507,33.60773281,1,0,177.7694633,TRUE,FALSE,FALSE
87.10250546,9.838971915,34.27774543,0,2,82.96863234,FALSE,FALSE,TRUE
90.23740417,8.358586001,30.95109236,0,0,120.7838557,TRUE,FALSE,FALSE
96.9946929,9.422247189,34.75375516,0,1,132.4577972,FALSE,TRUE,FALSE
83.55249185,9.196041459,37.66705372,1,0,193.7273853,TRUE,FALSE,FALSE
90.4602747,10.02996774,36.05032568,1,1,146.3032321,FALSE,TRUE,FALSE
98.04956117,7.692779564,37.74313452,1,0,195.5926753,TRUE,FALSE,FALSE
98.60952842,9.55421556,29.31337967,0,2,177.1273945,FALSE,FALSE,TRUE
82.48582171,6.056786245,35.53574465,0,0,167.7303068,TRUE,FALSE,FALSE
98.06912513,11.2044453,28.19047178,0,1,254.4510493,FALSE,TRUE,FALSE
90.98014403,6.98801039,37.83097011,0,0,121.6140705,TRUE,FALSE,FALSE
89.77285132,9.516695854,35.2456688,1,0,100.9615668,TRUE,FALSE,FALSE
97.55466777,8.61763485,35.78188157,0,0,188.1129172,TRUE,FALSE,FALSE
92.07013435,7.456926206,34.0469407,1,1,170.184777,FALSE,TRUE,FALSE
94.833169,6.437381166,36.68843444,1,1,207.6050488,FALSE,TRUE,FALSE
94.5699294,8.540806981,28.01282365,0,1,126.6565947,FALSE,TRUE,FALSE
83.20078712,6.011378898,31.77742778,1,2,160.007961,FALSE,FALSE,TRUE
99.77096627,11.83972966,30.26919104,1,1,151.4567122,FALSE,TRUE,FALSE
89.00706852,8.156400059,28.33733028,1,0,85.90610122,TRUE,FALSE,FALSE
92.51797536,11.66786549,36.92699629,0,2,107.0668046,FALSE,FALSE,TRUE
98.32978522,7.988371374,31.24638386,1,0,248.7320123,TRUE,FALSE,FALSE
90.7658785,10.32754279,34.38795235,0,2,207.8938828,FALSE,FALSE,TRUE
90.33255859,10.73500185,36.41779246,0,0,132.0350423,TRUE,FALSE,FALSE
96.99493694,7.249809156,32.6974641,1,1,204.4955302,FALSE,TRUE,FALSE
94.34860247,11.43378965,29.45071321,1,1,195.1615574,FALSE,TRUE,FALSE
94.20026902,6.453038909,37.19909574,1,0,123.4274855,TRUE,FALSE,FALSE
94.3244986,9.460317228,36.05002387,0,2,73.62840184,FALSE,FALSE,TRUE
87.36921404,8.108960575,28.30953038,0,0,127.7891098,TRUE,FALSE,FALSE
94.65900315,6.758317544,35.46628741,1,2,216.4368994,FALSE,FALSE,TRUE
96.09981238,8.373196251,30.24545378,0,1,161.2820539,FALSE,TRUE,FALSE
81.47183511,8.029944509,34.96332363,0,0,102.3064718,TRUE,FALSE,FALSE
91.70870385,10.1022724,33.38894182,1,1,158.9951585,FALSE,TRUE,FALSE
93.49800648,10.78738212,34.47341327,1,0,166.5278193,TRUE,FALSE,FALSE
90.91408976,6.688746522,37.31805126,1,1,197.4596894,FALSE,TRUE,FALSE
98.42353361,6.435041884,31.61554489,0,2,87.5229941,FALSE,FALSE,TRUE
92.53372165,10.93626557,30.28572769,0,0,127.882058,TRUE,FALSE,FALSE
82.96528028,10.38403314,30.01254769,1,0,164.6832994,TRUE,FALSE,FALSE
82.14305881,8.268405813,28.24080975,1,1,105.917757,FALSE,TRUE,FALSE
88.05624187,6.050743125,31.14813317,1,2,216.5999004,FALSE,FALSE,TRUE
94.72639946,9.191313709,33.13844471,0,2,194.3633832,FALSE,FALSE,TRUE
85.51024449,11.96652989,35.08462236,1,0,247.7357672,TRUE,FALSE,FALSE
89.69330171,11.1120626,28.24937078,1,2,107.2301004,FALSE,FALSE,TRUE
81.74656024,9.199769012,33.71345535,0,2,107.2642751,FALSE,FALSE,TRUE
88.3449539,7.15190184,37.92480827,0,2,134.9124281,FALSE,FALSE,TRUE
85.65190816,11.18097939,37.43477211,1,2,77.52655941,FALSE,FALSE,TRUE
84.10993451,9.787833764,32.19435085,0,2,153.378938,FALSE,FALSE,TRUE
98.55025779,6.932917384,32.72552846,1,0,237.7004859,TRUE,FALSE,FALSE
83.38223018,10.97668568,32.65464999,0,1,160.7693439,FALSE,TRUE,FALSE
82.09304252,11.79351009,31.22822383,1,0,78.29823265,TRUE,FALSE,FALSE
99.96033744,11.50386324,37.44577471,0,2,154.0558233,FALSE,FALSE,TRUE
88.05370144,7.360758752,30.1616803,1,0,167.197203,TRUE,FALSE,FALSE
85.86597377,9.355551524,36.66041246,0,0,104.8583714,TRUE,FALSE,FALSE
93.42240826,11.03791902,30.74638653,0,2,92.1655655,FALSE,FALSE,TRUE
87.0907087,9.935993509,34.48391631,1,1,92.66632845,FALSE,TRUE,FALSE
92.47049948,10.23423973,36.95837618,1,1,215.6123142,FALSE,TRUE,FALSE
88.44245802,6.448295251,29.38649563,0,1,80.01355824,FALSE,TRUE,FALSE
87.7382256,8.471749147,30.83179269,0,2,288.7221302,FALSE,FALSE,TRUE
88.69534155,8.509699441,31.76591936,0,2,90.58686719,FALSE,FALSE,TRUE
93.45374389,7.45076366,33.96949404,1,0,147.3563529,TRUE,FALSE,FALSE
91.684277,11.18014287,31.21365078,1,0,251.9285831,TRUE,FALSE,FALSE
87.13792905,9.114908411,36.24164711,1,1,138.7112057,FALSE,TRUE,FALSE
99.19358947,10.18175308,36.0394117,0,2,213.9364741,FALSE,FALSE,TRUE
96.17264102,10.36018075,37.41271834,1,2,92.11374657,FALSE,FALSE,TRUE
91.73757135,8.531118391,35.25177364,1,2,137.2744272,FALSE,FALSE,TRUE
93.46789115,9.648292213,31.11385445,0,2,139.6037963,FALSE,FALSE,TRUE
97.98127307,8.964658107,34.34944849,0,2,318.2766265,FALSE,FALSE,TRUE
94.19489129,8.349313657,33.96684686,1,0,210.5342372,TRUE,FALSE,FALSE
80.64593542,8.498842811,34.9046439,0,0,149.274487,TRUE,FALSE,FALSE
95.72696502,11.10944134,36.76693497,0,2,332.9497681,FALSE,FALSE,TRUE
95.52431873,9.017056738,29.20235828,1,2,89.26667045,FALSE,FALSE,TRUE
98.27145163,6.871284323,33.98850322,1,2,165.0911253,FALSE,FALSE,TRUE
90.3825425,6.762229962,35.03928934,1,1,211.6092294,FALSE,TRUE,FALSE
97.68582095,7.001621961,29.70257514,1,1,131.4356546,FALSE,TRUE,FALSE
98.98230247,7.164111383,34.94685732,1,1,162.0491502,FALSE,TRUE,FALSE
92.15078929,9.612444445,30.26030329,1,0,67.67399305,TRUE,FALSE,FALSE
80.56376273,9.533949456,36.1950455,1,2,130.9433234,FALSE,FALSE,TRUE
84.76512646,9.313031115,36.82726073,0,0,83.79262171,TRUE,FALSE,FALSE
99.33719485,9.763971546,37.10333626,0,2,224.3263717,FALSE,FALSE,TRUE
93.68859338,9.604211793,28.18365141,0,2,145.0328034,FALSE,FALSE,TRUE
91.83948949,7.358303706,28.52860668,1,1,185.4479649,FALSE,TRUE,FALSE
83.64158991,8.233556699,37.72546585,0,2,72.62803692,FALSE,FALSE,TRUE
95.63018484,9.879601559,32.80005049,0,1,92.04422881,FALSE,TRUE,FALSE
80.214794,7.481206537,28.75941227,1,2,111.876528,FALSE,FALSE,TRUE
80.78384398,10.68855847,28.34532276,0,1,216.4987761,FALSE,TRUE,FALSE
88.47286355,11.51932685,30.01867995,1,2,286.0250385,FALSE,FALSE,TRUE
82.2012796,10.45517043,31.1519587,0,0,190.3329253,TRUE,FALSE,FALSE
85.90304723,10.1689775,34.26011966,1,1,139.424758,FALSE,TRUE,FALSE
91.49838073,11.12027095,29.92866305,1,0,238.5992097,TRUE,FALSE,FALSE
87.59387512,6.365617067,33.00688994,1,0,187.829331,TRUE,FALSE,FALSE
85.54388252,10.95008017,37.13010863,0,2,178.4034266,FALSE,FALSE,TRUE
85.70355197,6.367262784,35.65981614,0,2,97.40488747,FALSE,FALSE,TRUE
97.57432246,10.08710316,35.3164654,1,1,153.9467579,FALSE,TRUE,FALSE
91.48515933,6.416971909,36.31429993,0,1,143.5515145,FALSE,TRUE,FALSE
94.98574267,8.205204188,35.87094447,1,0,122.0882018,TRUE,FALSE,FALSE
99.2886415,8.872503956,35.56120516,0,1,138.8893678,FALSE,TRUE,FALSE
95.07180658,10.35966846,28.0834821,1,1,92.77435933,FALSE,TRUE,FALSE
84.42837844,11.79515724,36.02760491,1,0,177.0574918,TRUE,FALSE,FALSE
97.70170948,8.046564292,30.51828515,0,1,104.2315962,FALSE,TRUE,FALSE
85.33408543,10.91424851,31.79095114,0,2,145.9669532,FALSE,FALSE,TRUE
90.05278214,9.982857602,32.1096929,0,1,175.5182206,FALSE,TRUE,FALSE
89.78841451,8.768625761,29.45500959,1,0,166.9098763,TRUE,FALSE,FALSE
99.34037279,8.271466381,34.6971979,1,1,99.65469797,FALSE,TRUE,FALSE
94.53777844,11.18920601,28.3642685,1,0,168.7809999,TRUE,FALSE,FALSE
95.80973483,9.322069442,29.27248681,0,1,199.0175696,FALSE,TRUE,FALSE
83.32391835,8.114844665,35.84744263,0,1,178.4625004,FALSE,TRUE,FALSE
89.95191422,8.515533455,32.51249219,1,1,169.2054933,FALSE,TRUE,FALSE
86.00924062,6.934352217,33.60087368,1,2,104.7992153,FALSE,FALSE,TRUE
88.51716645,6.86011164,33.53860669,1,1,152.028226,FALSE,TRUE,FALSE
82.62222096,8.566598665,30.00808462,0,0,64.34462242,TRUE,FALSE,FALSE
94.05934948,9.436025939,28.82923372,1,1,71.96560541,FALSE,TRUE,FALSE
93.30672943,8.292506901,34.50465416,0,2,130.9266119,FALSE,FALSE,TRUE
97.18141038,7.784803393,33.69916494,1,1,88.73641951,FALSE,TRUE,FALSE
87.30891368,6.161639107,37.3646468,1,0,140.0903842,TRUE,FALSE,FALSE
91.49686604,11.30264915,37.15178829,0,0,112.0361778,TRUE,FALSE,FALSE
83.89428271,6.233774019,31.80189979,1,0,147.3902767,TRUE,FALSE,FALSE
97.33622816,8.94152519,35.06538565,0,2,210.8949217,FALSE,FALSE,TRUE
98.11671511,10.28448802,36.41870942,1,2,126.5027635,FALSE,FALSE,TRUE
83.33302902,11.97222759,33.56443102,0,2,75.35943136,FALSE,FALSE,TRUE
84.95815961,6.776496189,34.56460408,1,2,219.411298,FALSE,FALSE,TRUE
94.21690007,10.03050406,28.22760497,0,1,130.1930851,FALSE,TRUE,FALSE
96.38986578,9.945080957,29.60347004,0,0,138.0739149,TRUE,FALSE,FALSE
96.86516588,6.503489866,29.69912223,0,1,102.4472832,FALSE,TRUE,FALSE
88.4112957,6.328826129,33.86575925,0,1,100.6988204,FALSE,TRUE,FALSE
81.9036715,9.93560661,28.21423333,0,1,88.62362406,FALSE,TRUE,FALSE
86.54877176,10.1782207,36.26900799,1,2,186.3851716,FALSE,FALSE,TRUE
98.87859654,9.364325222,34.95221832,0,1,116.5066992,FALSE,TRUE,FALSE
83.069706,8.131240663,31.39179006,1,1,100.0971363,FALSE,TRUE,FALSE
85.11834696,11.20754807,30.36498112,0,0,147.3545749,TRUE,FALSE,FALSE
83.90700176,11.72519612,31.00903809,1,1,135.5267459,FALSE,TRUE,FALSE
93.08235548,10.94465057,30.24077395,0,2,84.99695808,FALSE,FALSE,TRUE
93.62547546,11.29894427,31.84061113,0,2,239.9444994,FALSE,FALSE,TRUE
92.48135256,8.643449302,33.20203235,0,1,208.6879911,FALSE,TRUE,FALSE
85.088093,10.57016044,31.88400343,1,1,143.8294135,FALSE,TRUE,FALSE
81.02235444,8.579926566,28.29034852,1,0,181.5655253,TRUE,FALSE,FALSE
92.77210948,10.17069905,32.1491968,1,2,95.76814562,FALSE,FALSE,TRUE
90.55439801,10.41519744,33.25485188,1,1,76.62135185,FALSE,TRUE,FALSE
83.95238176,9.987535922,29.33585888,0,2,102.8262472,FALSE,FALSE,TRUE
83.45850285,9.293399347,30.62862605,0,0,90.77836492,TRUE,FALSE,FALSE
98.47093821,11.9927569,28.09516007,0,1,145.0740974,FALSE,TRUE,FALSE
95.07206877,6.879139756,32.84448068,1,2,125.6998574,FALSE,FALSE,TRUE
85.36405582,11.21152808,34.84745331,0,2,177.6073255,FALSE,FALSE,TRUE
87.32704708,11.68432064,34.44567676,1,1,94.26832235,FALSE,TRUE,FALSE
97.9850215,6.576907331,36.1269611,1,1,261.3601768,FALSE,TRUE,FALSE
89.9661147,9.730175501,33.76382392,0,1,146.195804,FALSE,TRUE,FALSE
92.72719552,10.17928598,37.35092883,1,0,108.3068988,TRUE,FALSE,FALSE
92.26196116,7.478385047,29.09215267,0,2,144.8145267,FALSE,FALSE,TRUE
95.49511565,10.33851372,36.70421277,1,2,156.8653646,FALSE,FALSE,TRUE
84.88265373,7.028548798,35.01657004,1,1,95.69061703,FALSE,TRUE,FALSE
98.18188762,9.878885233,33.56045742,0,2,206.119501,FALSE,FALSE,TRUE
99.29281065,8.120161271,29.88149808,1,0,93.27142538,TRUE,FALSE,FALSE
95.31043451,11.46211045,35.70411943,1,2,130.8859255,FALSE,FALSE,TRUE
89.82132948,8.900516366,32.30701086,0,1,214.7194313,FALSE,TRUE,FALSE
87.44435269,9.787593449,36.37792369,1,1,233.0274778,FALSE,TRUE,FALSE
80.43571176,9.454503453,32.90470715,0,2,148.3473251,FALSE,FALSE,TRUE
98.51494178,6.097593413,33.29503492,0,1,132.0417257,FALSE,TRUE,FALSE
80.89398095,11.77882492,29.31435613,0,1,136.7286204,FALSE,TRUE,FALSE
92.15442977,7.035795138,36.47588383,1,1,115.8564693,FALSE,TRUE,FALSE
86.89141909,6.560407458,31.34168032,0,2,121.7673712,FALSE,FALSE,TRUE
91.8870807,6.246915126,32.2346289,1,1,269.7513494,FALSE,TRUE,FALSE
93.00098748,11.13782919,37.80246489,0,2,118.574395,FALSE,FALSE,TRUE
80.25771695,10.04990477,31.20835322,0,0,93.52801357,TRUE,FALSE,FALSE
99.46939794,10.15624734,36.1535521,0,0,156.316921,TRUE,FALSE,FALSE
89.475114,9.41152033,37.80739777,1,0,114.0444212,TRUE,FALSE,FALSE
91.97263611,8.63907975,33.83931595,0,0,168.1181436,TRUE,FALSE,FALSE
83.2285679,8.488671561,32.73560295,0,1,129.0570848,FALSE,TRUE,FALSE
86.68075674,7.408671042,34.22791487,0,0,108.8189666,TRUE,FALSE,FALSE
84.10529346,7.350426713,30.54770126,0,0,140.3463002,TRUE,FALSE,FALSE
92.79140292,6.804697922,29.97557458,0,0,112.9121539,TRUE,FALSE,FALSE
85.72138776,6.395672803,36.37310757,0,0,132.6096255,TRUE,FALSE,FALSE
95.28862853,9.306644516,36.88733449,0,2,162.6758674,FALSE,FALSE,TRUE
93.75170602,7.121970468,28.54639687,1,2,103.9737201,FALSE,FALSE,TRUE
80.10641473,8.83616129,32.33493321,0,0,78.2391612,TRUE,FALSE,FALSE
94.29579483,8.299233758,34.56357144,1,0,197.0613268,TRUE,FALSE,FALSE
82.00476898,9.840585508,32.83982689,1,1,168.4227517,FALSE,TRUE,FALSE
85.43153318,10.33955943,28.19824051,0,0,78.68599299,TRUE,FALSE,FALSE
89.48855287,7.355615001,31.13117412,0,0,66.97207098,TRUE,FALSE,FALSE
98.3712203,10.60511403,29.0431824,0,0,167.9467308,TRUE,FALSE,FALSE
91.74959343,7.369861849,34.6708036,1,1,107.264964,FALSE,TRUE,FALSE
93.93814339,6.987942135,29.85072229,1,0,173.8895207,TRUE,FALSE,FALSE
92.30836942,7.823191218,35.05875187,1,1,75.04780833,FALSE,TRUE,FALSE
84.16344231,11.57499567,37.4102339,0,1,95.20177973,FALSE,TRUE,FALSE
97.8603998,8.728818677,29.08889144,0,1,74.14044332,FALSE,TRUE,FALSE
81.18687963,6.658214035,28.77934823,0,2,125.9972756,FALSE,FALSE,TRUE
84.1396693,11.85548893,33.44891037,0,1,114.5482647,FALSE,TRUE,FALSE
87.80719611,9.651510494,32.45334365,1,1,148.297358,FALSE,TRUE,FALSE
80.49628132,10.2630984,29.03210185,0,0,132.9069471,TRUE,FALSE,FALSE
80.47425934,9.180334053,28.30658671,0,0,78.90236135,TRUE,FALSE,FALSE
91.28984372,8.469361477,35.86396588,1,2,192.5549245,FALSE,FALSE,TRUE
94.79912667,7.199150047,35.93054104,1,1,119.7365224,FALSE,TRUE,FALSE
90.10775968,11.6835443,32.23681479,1,0,85.68896915,TRUE,FALSE,FALSE
90.68648438,6.488131854,33.89913843,1,1,177.4743812,FALSE,TRUE,FALSE
82.03987771,10.40524228,36.62200117,1,0,278.4762718,TRUE,FALSE,FALSE
92.29751289,9.49839752,28.16548516,0,1,77.58108936,FALSE,TRUE,FALSE
80.19485652,6.80568742,30.38440343,0,0,137.2105156,TRUE,FALSE,FALSE
97.28681855,9.248229897,35.69389606,0,2,134.9328371,FALSE,FALSE,TRUE
89.99277643,9.66768948,29.80279545,0,2,66.96670825,FALSE,FALSE,TRUE
83.50467108,6.749675387,28.72026082,0,1,165.9959436,FALSE,TRUE,FALSE
97.74658962,11.05939203,29.3724778,0,2,119.4083974,FALSE,FALSE,TRUE
90.41258478,10.31235638,34.81865791,1,1,99.75797459,FALSE,TRUE,FALSE
99.4684358,9.166826346,33.87357294,1,2,119.5489158,FALSE,FALSE,TRUE
90.54406819,11.54705088,35.59890152,1,1,74.86662917,FALSE,TRUE,FALSE
96.48765229,7.608781474,33.12892996,0,1,228.7648888,FALSE,TRUE,FALSE
95.79368112,6.626709813,28.53561173,1,1,151.6492995,FALSE,TRUE,FALSE
94.62429388,11.44079917,30.37705637,0,1,144.1755822,FALSE,TRUE,FALSE
84.26992254,10.91331607,33.55333666,0,1,100.8492916,FALSE,TRUE,FALSE
95.9353688,9.940700397,37.32130242,1,1,84.93083123,FALSE,TRUE,FALSE
84.75827456,6.391930155,32.21293682,0,1,87.55279601,FALSE,TRUE,FALSE
85.32214298,7.239420581,34.28349784,0,1,187.1665536,FALSE,TRUE,FALSE
97.36044294,8.509563019,32.62544616,1,1,130.1426845,FALSE,TRUE,FALSE
86.9263992,7.916876952,34.75348089,0,1,134.2010839,FALSE,TRUE,FALSE
97.75297267,7.879577143,35.05852127,1,2,182.9135268,FALSE,FALSE,TRUE
94.81544569,6.546825385,29.98309321,0,2,155.7082641,FALSE,FALSE,TRUE
88.3018617,6.591100645,37.36968218,0,2,144.0844257,FALSE,FALSE,TRUE
92.52016814,6.942824345,30.40882906,1,2,107.8107898,FALSE,FALSE,TRUE
95.48926717,9.636896243,33.58644317,0,0,174.2806663,TRUE,FALSE,FALSE
86.44848069,10.65839274,30.94556384,1,2,134.4294684,FALSE,FALSE,TRUE
81.18607996,10.10645188,30.96513876,0,1,186.3786954,FALSE,TRUE,FALSE
83.2057899,10.31000491,34.8866066,1,1,295.8768891,FALSE,TRUE,FALSE
82.38311055,7.150762425,37.3755873,1,1,103.33106,FALSE,TRUE,FALSE
91.58876011,11.9167359,30.11616467,1,2,140.7054495,FALSE,FALSE,TRUE
97.69533528,7.624008636,35.27296118,1,0,73.43151318,TRUE,FALSE,FALSE
98.54599942,9.213905196,30.25399066,0,1,135.9576769,FALSE,TRUE,FALSE
87.70115374,9.319565581,32.6637802,1,0,113.8868307,TRUE,FALSE,FALSE
89.0067371,9.761029805,31.83663585,1,0,139.3269945,TRUE,FALSE,FALSE
82.3268479,8.517714355,29.20261115,1,1,212.6401433,FALSE,TRUE,FALSE
80.39787639,7.336763693,37.54054192,1,0,178.1435206,TRUE,FALSE,FALSE
88.95883086,11.36937022,35.60933824,0,0,286.0661002,TRUE,FALSE,FALSE
99.34690286,9.519751007,32.25044697,0,2,199.9489786,FALSE,FALSE,TRUE
98.00627976,6.940884473,37.91554217,0,1,267.5526444,FALSE,TRUE,FALSE
81.90037486,6.610965091,28.42870573,1,1,83.88556556,FALSE,TRUE,FALSE
95.81779531,11.66402878,33.20762321,0,0,207.9235502,TRUE,FALSE,FALSE
82.66402866,10.06685281,37.55159969,0,2,162.6336391,FALSE,FALSE,TRUE
93.04819276,11.6102308,32.31591794,0,1,83.49925393,FALSE,TRUE,FALSE
96.36541468,10.04631478,33.66527958,0,0,77.38798067,TRUE,FALSE,FALSE
81.31375001,8.320228632,37.95566471,1,2,72.24292844,FALSE,FALSE,TRUE
85.53600514,6.704715206,28.29714434,0,2,91.91752698,FALSE,FALSE,TRUE
86.92104076,6.986273622,33.87689705,1,1,172.4154046,FALSE,TRUE,FALSE
82.04381436,6.55360875,29.18437658,1,2,152.368375,FALSE,FALSE,TRUE
93.30334354,8.187803988,35.95218215,1,2,138.6861852,FALSE,FALSE,TRUE
83.47063823,9.452974348,33.59003574,1,0,174.5442254,TRUE,FALSE,FALSE
98.80072851,10.75736457,33.64827363,1,1,122.7444482,FALSE,TRUE,FALSE
82.1915838,11.07744806,31.92194117,0,2,99.57133021,FALSE,FALSE,TRUE
82.04680217,7.78553615,36.03879249,0,0,125.8337741,TRUE,FALSE,FALSE
90.42693643,8.976356933,28.42976776,1,1,97.24526928,FALSE,TRUE,FALSE
91.05986296,7.455874766,28.79140025,1,0,148.6876996,TRUE,FALSE,FALSE
98.77457609,10.56276862,34.6325332,1,1,144.628542,FALSE,TRUE,FALSE
86.2694157,9.836723661,35.97129661,0,0,192.5795118,TRUE,FALSE,FALSE
85.43977919,10.5408526,28.28303769,0,1,105.3186023,FALSE,TRUE,FALSE
82.05039033,7.483974897,28.4894402,0,1,113.3542244,FALSE,TRUE,FALSE
81.5221829,10.40376945,31.21204778,1,0,186.0440754,TRUE,FALSE,FALSE
94.03102127,8.635302513,29.00142315,0,1,97.17887589,FALSE,TRUE,FALSE
96.53469799,8.86851689,33.60678402,0,2,167.4268658,FALSE,FALSE,TRUE
91.12288252,6.608616003,30.20583451,1,2,134.58162,FALSE,FALSE,TRUE
81.45120518,6.05219329,29.62454674,1,2,97.85394618,FALSE,FALSE,TRUE
92.76870374,11.22451105,32.80805147,0,2,73.23010543,FALSE,FALSE,TRUE
81.13210989,9.61998784,33.94639018,0,0,161.6756004,TRUE,FALSE,FALSE
83.3122104,6.595369004,30.61285475,0,1,221.8230976,FALSE,TRUE,FALSE
94.66808064,7.890171698,28.42202033,1,2,166.8258064,FALSE,FALSE,TRUE
83.92137247,10.86408586,34.20829901,0,2,192.7116783,FALSE,FALSE,TRUE
98.21835678,9.973132654,37.79649679,0,2,105.3931398,FALSE,FALSE,TRUE
95.12203431,10.11675207,33.2819609,1,2,103.2580823,FALSE,FALSE,TRUE
98.96246595,11.68608238,36.44887741,1,1,119.3742358,FALSE,TRUE,FALSE
94.94363036,7.866649568,37.17920074,1,1,112.9115955,FALSE,TRUE,FALSE
88.99431386,8.582760722,37.00618058,1,1,123.157642,FALSE,TRUE,FALSE
95.67374818,6.471548414,28.23240721,1,2,240.5983568,FALSE,FALSE,TRUE
99.45590837,11.77159343,35.85081304,1,0,202.7418159,TRUE,FALSE,FALSE
94.70392064,6.042938483,31.13858898,1,0,75.70518732,TRUE,FALSE,FALSE
82.46179811,8.563721817,29.14840888,0,1,154.6363888,FALSE,TRUE,FALSE
92.73893494,9.690625805,32.42499022,1,2,129.1514905,FALSE,FALSE,TRUE
89.95299363,9.890058016,29.97276916,1,1,147.8349282,FALSE,TRUE,FALSE
94.28023436,9.332872792,35.26356265,1,0,78.3185684,TRUE,FALSE,FALSE
80.36829537,11.12024137,31.22658377,0,0,107.3609823,TRUE,FALSE,FALSE
84.36655475,8.521162877,31.72632201,1,2,66.8685011,FALSE,FALSE,TRUE
87.78916262,6.001549006,29.16146971,0,0,250.0915344,TRUE,FALSE,FALSE
95.24524831,9.009854602,29.66868403,0,1,95.42509866,FALSE,TRUE,FALSE
82.19018967,6.324771504,36.67431494,1,1,250.0333499,FALSE,TRUE,FALSE
82.17732663,6.199148275,35.00881069,1,1,182.1663041,FALSE,TRUE,FALSE
95.20186894,6.790079535,31.15058676,0,0,232.5062364,TRUE,FALSE,FALSE
89.15278405,9.58806453,32.53678135,1,2,123.2522879,FALSE,FALSE,TRUE
92.90153387,6.572875259,36.13421826,0,2,82.79624424,FALSE,FALSE,TRUE
84.12320748,11.32543451,34.70205029,0,0,143.0973868,TRUE,FALSE,FALSE
87.1320927,8.053541809,29.72032542,1,0,121.933485,TRUE,FALSE,FALSE
83.21515164,9.459935097,35.87633709,0,0,180.7456263,TRUE,FALSE,FALSE
89.23843826,11.6809674,35.67194942,1,2,154.1507948,FALSE,FALSE,TRUE
92.96900899,9.913810175,29.56197738,0,0,127.7685099,TRUE,FALSE,FALSE
82.45784859,8.787032732,31.50878991,0,1,138.8827838,FALSE,TRUE,FALSE
90.88183447,8.418214132,31.27090131,1,0,114.8586652,TRUE,FALSE,FALSE
95.65227463,8.695140583,29.26551922,0,2,101.7441707,FALSE,FALSE,TRUE
99.32382462,6.87474025,29.33220565,1,1,124.3220653,FALSE,TRUE,FALSE
85.82386885,8.852082307,37.67376826,1,0,127.5924113,TRUE,FALSE,FALSE
98.96604952,7.941248744,35.15570841,1,1,195.6174588,FALSE,TRUE,FALSE
80.89396119,7.091483455,30.74222184,0,2,107.6173054,FALSE,FALSE,TRUE
86.51085443,9.812454702,35.22065896,1,1,299.4069688,FALSE,TRUE,FALSE
94.76246658,6.615541626,37.14556826,1,2,236.2951788,FALSE,FALSE,TRUE
95.98105085,11.98813048,36.82864106,0,2,107.4927113,FALSE,FALSE,TRUE
95.36306733,9.754212762,30.6778825,1,2,142.8949352,FALSE,FALSE,TRUE
93.47862732,6.756184363,36.45426384,1,0,90.16723044,TRUE,FALSE,FALSE
83.36229185,10.09075798,36.49097628,0,2,87.34819728,FALSE,FALSE,TRUE
92.25647234,8.36207329,32.20165388,0,0,226.4413519,TRUE,FALSE,FALSE
86.41284895,10.40193526,29.80733168,1,2,137.6109094,FALSE,FALSE,TRUE
95.65102927,11.9372385,31.5946879,1,1,195.3574768,FALSE,TRUE,FALSE
86.72775805,10.23974756,28.98611788,1,0,101.5212723,TRUE,FALSE,FALSE
99.95904849,10.43726904,34.96843305,0,0,96.01069264,TRUE,FALSE,FALSE
90.27304737,11.71640295,30.11044999,1,1,151.120317,FALSE,TRUE,FALSE
85.05737541,11.07082353,30.64254829,0,1,94.70129092,FALSE,TRUE,FALSE
92.39215786,10.72067413,36.60592877,1,0,307.7491922,TRUE,FALSE,FALSE
94.17470206,7.208607143,34.0288519,1,1,85.00964503,FALSE,TRUE,FALSE
80.52333964,11.66712244,32.04023921,0,1,72.96664397,FALSE,TRUE,FALSE
96.69626952,6.537044914,28.32579715,0,0,99.00791624,TRUE,FALSE,FALSE
81.40850526,6.807409133,32.50549338,0,2,201.9286936,FALSE,FALSE,TRUE
92.4788295,7.987181593,28.1257762,0,1,246.2588845,FALSE,TRUE,FALSE
85.48136566,7.30374366,28.41767053,1,2,123.0622852,FALSE,FALSE,TRUE
82.1817199,11.60447786,33.14827184,0,2,109.4814075,FALSE,FALSE,TRUE
81.19783652,11.57104493,34.88488863,0,0,75.52387582,TRUE,FALSE,FALSE
98.69753041,8.127583691,37.31339697,0,0,140.1372944,TRUE,FALSE,FALSE
99.72644779,11.57945855,30.23583604,1,1,189.4480253,FALSE,TRUE,FALSE
86.73879051,10.42017195,37.07632324,1,1,127.1490749,FALSE,TRUE,FALSE
88.52327518,7.851041774,36.59123919,0,1,117.2502883,FALSE,TRUE,FALSE
98.47787772,10.85261282,35.62495034,1,2,160.1323753,FALSE,FALSE,TRUE
99.19985751,7.197947311,33.98216448,0,2,297.5627177,FALSE,FALSE,TRUE
93.86316444,6.652527283,31.91899246,0,2,117.7101144,FALSE,FALSE,TRUE
97.93883412,8.898462014,36.32183119,1,2,121.7327574,FALSE,FALSE,TRUE
81.43031944,7.183090103,35.12229336,0,2,179.6087458,FALSE,FALSE,TRUE
84.849484,8.707880702,34.30437612,1,0,214.3633379,TRUE,FALSE,FALSE
84.26812332,11.62738112,28.92520182,1,0,138.814617,TRUE,FALSE,FALSE
91.97561348,8.201965063,30.42017339,1,1,80.22199088,FALSE,TRUE,FALSE
82.32595191,6.296266141,32.29367073,0,2,76.79640106,FALSE,FALSE,TRUE
86.70149922,9.895416178,32.32878674,0,0,112.6300368,TRUE,FALSE,FALSE
88.47323211,11.04576783,29.47160655,0,2,210.9129622,FALSE,FALSE,TRUE
82.36106265,7.053485529,34.35621535,1,1,95.81709574,FALSE,TRUE,FALSE
93.84677555,8.298966017,29.99386583,0,0,152.4317859,TRUE,FALSE,FALSE
88.46412901,9.8580781,33.49695695,0,1,169.5024708,FALSE,TRUE,FALSE
93.94843107,11.59267565,36.8050163,1,2,102.8953139,FALSE,FALSE,TRUE
98.68305577,10.83807897,32.46666493,0,0,176.8771415,TRUE,FALSE,FALSE
97.50704709,7.421893865,32.34249235,0,1,164.2077539,FALSE,TRUE,FALSE
99.22693723,6.742911563,32.53309875,1,2,80.13511587,FALSE,FALSE,TRUE
94.16915747,8.033843472,33.18199005,0,0,120.568186,TRUE,FALSE,FALSE
90.79450817,6.956049301,34.82516989,1,2,100.5199619,FALSE,FALSE,TRUE
89.44088223,9.331899437,36.35125643,0,1,185.6864285,FALSE,TRUE,FALSE
97.18569709,11.07609079,37.61754027,0,1,227.3961685,FALSE,TRUE,FALSE
91.44352587,6.338011896,32.53704699,1,2,128.3047391,FALSE,FALSE,TRUE
93.95396731,7.280956671,34.76638227,0,0,124.0582912,TRUE,FALSE,FALSE
97.03203686,9.112441433,37.6222944,0,0,99.06883121,TRUE,FALSE,FALSE
94.22005409,8.947408859,31.81035037,1,0,72.26607733,TRUE,FALSE,FALSE
94.61487496,7.995202868,36.23465026,0,1,94.82014267,FALSE,TRUE,FALSE
99.98094032,11.10750843,36.47653916,1,1,227.6239611,FALSE,TRUE,FALSE
91.33993965,10.25255462,29.21350158,1,2,189.3754848,FALSE,FALSE,TRUE
93.11780723,9.100415239,29.51307523,1,2,104.3727113,FALSE,FALSE,TRUE
97.058412,6.012249572,36.13249668,0,0,105.1857689,TRUE,FALSE,FALSE
95.85855627,6.987656854,30.35062712,0,1,81.98809187,FALSE,TRUE,FALSE
99.27220791,8.006768964,32.70716172,1,2,241.011308,FALSE,FALSE,TRUE
84.1251908,6.558684027,36.17805717,0,1,169.7294702,FALSE,TRUE,FALSE
97.11942411,10.71589386,36.38816271,1,2,153.6350763,FALSE,FALSE,TRUE
99.54436787,10.50770471,37.55821238,0,1,225.8196836,FALSE,TRUE,FALSE
83.87594648,10.185004,31.20930443,1,0,55.52185233,TRUE,FALSE,FALSE
89.64576194,10.57135106,29.14426837,0,0,172.4473037,TRUE,FALSE,FALSE
82.55291019,8.133344884,37.32251171,0,2,188.726728,FALSE,FALSE,TRUE
87.39729128,6.343581393,33.76333937,1,0,97.22674917,TRUE,FALSE,FALSE
82.32764918,8.604741202,37.57053421,1,1,162.8237116,FALSE,TRUE,FALSE
96.45942355,6.146064436,31.15580599,1,0,156.111041,TRUE,FALSE,FALSE
80.40068068,11.12598443,29.29493609,1,0,109.5,TRUE,FALSE,FALSE
83.36187028,9.022028397,37.8398449,1,2,146,FALSE,FALSE,TRUE
92.45965786,10.38775097,28.02424493,1,1,73,FALSE,TRUE,FALSE
93.72605017,11.0492204,29.02271281,1,1,73,FALSE,TRUE,FALSE
92.80896923,7.334568804,30.46593669,1,2,219,FALSE,FALSE,TRUE
84.26605117,7.522875328,29.43900576,1,0,109.5,TRUE,FALSE,FALSE
89.85382267,9.323206696,28.40523343,1,0,109.5,TRUE,FALSE,FALSE
95.07887881,9.737078179,28.33987648,1,2,146,FALSE,FALSE,TRUE
91.5213314,7.967903997,32.9935748,1,2,219,FALSE,FALSE,TRUE
80.06576667,10.60074695,35.66502835,1,1,73,FALSE,TRUE,FALSE
87.08152919,11.04443951,37.07779835,1,2,146,FALSE,FALSE,TRUE
88.33328613,7.496890261,31.09851855,1,0,182.5,TRUE,FALSE,FALSE
96.93107738,11.23038537,31.6906929,1,0,182.5,TRUE,FALSE,FALSE
82.12603934,11.04987041,34.78752028,0,0,328.5,TRUE,FALSE,FALSE
99.33464639,9.26984621,35.31693289,0,2,292,FALSE,FALSE,TRUE
82.80966175,6.213921463,28.45274965,1,0,109.5,TRUE,FALSE,FALSE
97.58971264,7.852143111,37.04940307,0,0,255.5,TRUE,FALSE,FALSE
98.70433664,6.165356138,34.83547165,0,1,292,FALSE,TRUE,FALSE
82.17174442,6.468177965,35.68296537,1,2,146,FALSE,FALSE,TRUE
99.7675379,9.418665903,32.9197859,0,1,292,FALSE,TRUE,FALSE
87.90871796,11.21906798,36.2851177,1,0,109.5,TRUE,FALSE,FALSE
90.9919211,8.294500882,36.83757827,0,0,255.5,TRUE,FALSE,FALSE
92.79799924,11.16660873,31.5481277,1,0,182.5,TRUE,FALSE,FALSE
88.27879884,6.840490386,30.07533529,1,1,146,FALSE,TRUE,FALSE
96.79001642,10.83065006,29.69550261,0,0,255.5,TRUE,FALSE,FALSE
93.39009475,6.134248009,31.31309458,1,0,182.5,TRUE,FALSE,FALSE
82.89017398,7.631258806,34.21892601,1,1,146,FALSE,TRUE,FALSE
89.36964385,7.655689092,36.35435317,0,2,292,FALSE,FALSE,TRUE
83.62191741,9.989788436,29.16219935,1,1,73,FALSE,TRUE,FALSE
83.6491056,7.47753888,34.9684704,0,2,365,FALSE,FALSE,TRUE
85.35022959,7.794148273,32.51135006,0,0,328.5,TRUE,FALSE,FALSE
88.9888808,10.64409091,37.09996038,0,1,219,FALSE,TRUE,FALSE
94.59731911,7.661002476,34.92655563,1,2,219,FALSE,FALSE,TRUE
80.95085204,9.767677624,29.76558105,1,2,146,FALSE,FALSE,TRUE
82.11634719,11.44680786,32.29625734,0,0,328.5,TRUE,FALSE,FALSE
92.79934707,6.076231028,32.87702456,1,0,182.5,TRUE,FALSE,FALSE
98.01046551,9.011533238,28.31127354,0,1,219,FALSE,TRUE,FALSE
97.21724026,10.41106895,31.44386971,1,2,219,FALSE,FALSE,TRUE
88.32137722,8.326680611,28.47441904,0,1,219,FALSE,TRUE,FALSE
96.08926025,6.034880699,30.56596062,0,0,328.5,TRUE,FALSE,FALSE
84.14727789,6.614529853,37.27572918,1,1,73,FALSE,TRUE,FALSE
97.09258065,10.65770954,28.5965142,0,2,292,FALSE,FALSE,TRUE
98.91757322,8.225464869,36.89084636,0,2,292,FALSE,FALSE,TRUE
88.85804636,9.526602618,31.36010272,0,0,328.5,TRUE,FALSE,FALSE
89.01665782,6.355537523,28.16384754,0,1,219,FALSE,TRUE,FALSE
90.65013984,10.67803377,29.13761108,0,0,255.5,TRUE,FALSE,FALSE
87.37455225,10.13971426,30.59278385,1,1,146,FALSE,TRUE,FALSE
93.57277567,11.79516363,32.6914436,1,1,146,FALSE,TRUE,FALSE
80.25199092,8.207058708,35.7148077,0,1,219,FALSE,TRUE,FALSE
98.42492423,11.06584747,28.64513581,0,2,292,FALSE,FALSE,TRUE
89.94984428,8.165992469,32.13484479,1,1,146,FALSE,TRUE,FALSE
92.33837567,6.176927355,37.3142155,1,2,146,FALSE,FALSE,TRUE
83.11209872,7.243668972,35.62311799,0,0,255.5,TRUE,FALSE,FALSE
89.72070655,8.997547722,29.93079895,1,1,73,FALSE,TRUE,FALSE
89.30237229,10.3933444,32.30563679,0,2,365,FALSE,FALSE,TRUE
97.30891359,9.256643203,29.80738656,0,2,292,FALSE,FALSE,TRUE
80.4544328,6.008629491,34.99797551,0,1,292,FALSE,TRUE,FALSE
87.64964017,10.15680258,31.29742155,0,1,292,FALSE,TRUE,FALSE
89.51905979,6.225332167,32.7742613,0,0,328.5,TRUE,FALSE,FALSE
99.46878619,6.949381568,33.37204941,1,2,219,FALSE,FALSE,TRUE
99.5652571,11.85593571,36.00518395,0,0,255.5,TRUE,FALSE,FALSE
89.86793219,6.456047445,33.09289623,1,2,219,FALSE,FALSE,TRUE
89.96922848,9.135252225,34.15954437,0,2,365,FALSE,FALSE,TRUE
86.58862541,9.80786971,29.36384232,0,1,219,FALSE,TRUE,FALSE
94.80959956,7.975537512,37.24772994,0,2,292,FALSE,FALSE,TRUE
93.64549772,10.63531263,34.21881079,0,2,365,FALSE,FALSE,TRUE
91.41469635,10.86086252,34.21685403,0,0,328.5,TRUE,FALSE,FALSE
85.62600081,11.43322324,37.26962737,1,1,73,FALSE,TRUE,FALSE
82.08676672,7.439663055,34.95982084,1,2,219,FALSE,FALSE,TRUE
90.94146158,11.78626445,33.63382032,0,2,365,FALSE,FALSE,TRUE
89.64625756,9.035702317,31.89717423,0,0,328.5,TRUE,FALSE,FALSE
82.42969886,9.238914133,33.45434215,1,1,146,FALSE,TRUE,FALSE
87.52919558,8.313929249,35.86202845,1,1,73,FALSE,TRUE,FALSE
97.12469808,10.57047848,30.06746365,1,1,146,FALSE,TRUE,FALSE
90.08060402,11.92189566,37.75733511,0,1,219,FALSE,TRUE,FALSE
82.61562609,9.532862672,33.84411415,0,1,292,FALSE,TRUE,FALSE
85.26832041,9.518446829,30.64774255,0,2,365,FALSE,FALSE,TRUE
91.59936337,7.083847892,34.7757202,0,0,328.5,TRUE,FALSE,FALSE
92.5758338,6.865417369,36.71853851,1,0,109.5,TRUE,FALSE,FALSE
93.41106591,8.423555095,36.66290755,1,2,146,FALSE,FALSE,TRUE
82.0026696,8.296444873,35.11598925,0,1,219,FALSE,TRUE,FALSE
97.22236035,9.583317339,34.7078835,1,2,219,FALSE,FALSE,TRUE
87.36849513,9.36933817,32.32177937,1,1,146,FALSE,TRUE,FALSE
99.4592837,6.328593269,34.44385405,0,1,292,FALSE,TRUE,FALSE
94.24605677,8.303068964,30.63993142,1,1,146,FALSE,TRUE,FALSE
88.61171895,8.540318456,31.13817378,1,0,182.5,TRUE,FALSE,FALSE
99.29733864,9.152117496,30.18850044,0,1,292,FALSE,TRUE,FALSE
93.49417692,7.62007638,30.53207248,0,0,328.5,TRUE,FALSE,FALSE
82.24554236,6.952865995,35.72845649,0,2,292,FALSE,FALSE,TRUE
84.07748427,9.72049935,28.43687775,1,0,109.5,TRUE,FALSE,FALSE
87.72620463,11.29988476,36.73822345,1,2,146,FALSE,FALSE,TRUE
81.42777649,7.757073632,30.80283871,1,1,146,FALSE,TRUE,FALSE
80.73018649,11.8175275,31.20031919,1,0,182.5,TRUE,FALSE,FALSE
81.25872627,11.1400876,35.25253472,0,1,219,FALSE,TRUE,FALSE
97.10872934,10.08191696,30.68427876,0,1,292,FALSE,TRUE,FALSE
93.38568789,11.26078999,29.22318793,0,2,292,FALSE,FALSE,TRUE
99.04911853,7.996983413,34.37852785,0,1,292,FALSE,TRUE,FALSE
88.53426494,7.382075979,33.88173149,0,1,292,FALSE,TRUE,FALSE
82.68383786,9.069165722,37.76472501,0,2,292,FALSE,FALSE,TRUE
89.85071271,8.893044797,36.73890258,0,2,292,FALSE,FALSE,TRUE
